invoice_id,contract_id,invoice_date,due_date,invoice_amount,paid_amount,paid_date,invoice_status
INV00001,CT0001,2025-03-17,2025-04-14,21003,0,,Outstanding
INV00002,CT0001,2025-05-13,2025-06-14,41393,0,,Overdue
INV00003,CT0001,2025-04-20,2025-05-18,14529,0,,Overdue
INV00004,CT0001,2024-02-17,2024-03-30,17713,10032,2024-02-17,Disputed
INV00005,CT0001,2024-05-21,2024-06-25,24575,24575,2024-05-28,Paid
INV00006,CT0001,2025-01-01,2025-01-21,4021,4021,2025-01-03,Paid
INV00007,CT0001,2024-01-27,2024-02-25,3412,3412,2024-01-28,Paid
INV00008,CT0001,2024-10-13,2024-10-28,49261,49261,2024-10-20,Paid
INV00009,CT0002,2025-08-09,2025-09-19,1283,0,,Outstanding
INV00010,CT0002,2024-08-09,2024-08-28,26714,0,,Overdue
INV00011,CT0002,2025-06-13,2025-07-03,5179,5179,2025-06-26,Paid
INV00012,CT0002,2024-01-10,2024-01-25,39699,0,,Overdue
INV00013,CT0002,2025-02-17,2025-03-16,39017,39017,2025-02-28,Paid
INV00014,CT0003,2024-09-05,2024-10-05,22967,0,,Overdue
INV00015,CT0003,2024-05-17,2024-06-15,36423,13162,2024-05-17,Disputed
INV00016,CT0003,2024-08-12,2024-08-27,9846,9846,2024-08-13,Paid
INV00017,CT0003,2025-06-14,2025-07-26,22083,2505,2025-06-14,Disputed
INV00018,CT0003,2024-01-10,2024-02-11,6332,1232,2024-01-10,Disputed
INV00019,CT0003,2024-01-27,2024-02-29,41056,0,,Overdue
INV00020,CT0003,2024-08-09,2024-09-22,31637,0,,Outstanding
INV00021,CT0003,2024-04-20,2024-05-29,35237,0,,Overdue
INV00022,CT0003,2024-08-21,2024-09-14,42993,0,,Outstanding
INV00023,CT0003,2024-01-08,2024-02-06,20881,0,,Outstanding
INV00024,CT0003,2025-02-23,2025-03-21,40698,0,,Overdue
INV00025,CT0004,2024-06-26,2024-07-29,36993,36993,2024-06-28,Paid
INV00026,CT0004,2024-12-02,2025-01-12,16737,0,,Outstanding
INV00027,CT0004,2025-02-13,2025-03-05,15423,0,,Outstanding
INV00028,CT0004,2025-10-07,2025-11-23,26860,26860,2025-10-23,Paid
INV00029,CT0004,2024-12-26,2025-01-31,48286,21041,2024-12-26,Disputed
INV00030,CT0004,2024-11-13,2024-12-19,23361,3615,2024-11-13,Disputed
INV00031,CT0004,2025-07-18,2025-08-24,46529,0,,Outstanding
INV00032,CT0004,2024-02-12,2024-03-20,28932,0,,Outstanding
INV00033,CT0004,2024-04-13,2024-05-02,20376,20376,2024-04-22,Paid
INV00034,CT0004,2024-08-25,2024-09-30,48772,247,2024-08-25,Disputed
INV00035,CT0004,2024-03-13,2024-04-29,5246,5246,2024-03-17,Paid
INV00036,CT0004,2025-08-27,2025-09-18,4533,1744,2025-08-27,Disputed
INV00037,CT0005,2024-08-17,2024-09-20,32321,0,,Overdue
INV00038,CT0005,2024-05-11,2024-06-22,37015,0,,Outstanding
INV00039,CT0005,2025-12-14,2026-01-22,10317,1755,2025-12-14,Disputed
INV00040,CT0006,2024-01-07,2024-02-15,9774,9774,2024-01-09,Paid
INV00041,CT0006,2024-03-04,2024-03-23,32495,32495,2024-03-21,Paid
INV00042,CT0006,2024-10-24,2024-11-30,10715,5840,2024-10-24,Disputed
INV00043,CT0006,2024-01-25,2024-02-27,5252,0,,Outstanding
INV00044,CT0006,2025-09-25,2025-10-19,37905,37905,2025-09-28,Paid
INV00045,CT0006,2024-02-19,2024-03-21,45638,15834,2024-02-19,Disputed
INV00046,CT0006,2024-07-11,2024-08-08,16676,0,,Outstanding
INV00047,CT0006,2024-11-22,2024-12-31,42229,0,,Overdue
INV00048,CT0006,2024-10-13,2024-11-05,6979,0,,Overdue
INV00049,CT0006,2024-02-15,2024-03-25,20275,0,,Outstanding
INV00050,CT0006,2025-06-04,2025-06-27,8467,8467,2025-06-19,Paid
INV00051,CT0006,2025-04-14,2025-05-08,36056,0,,Overdue
INV00052,CT0007,2024-01-22,2024-02-23,18388,0,,Outstanding
INV00053,CT0007,2025-05-26,2025-06-30,10934,3412,2025-05-26,Disputed
INV00054,CT0007,2024-06-18,2024-07-31,37061,16217,2024-06-18,Disputed
INV00055,CT0007,2025-10-27,2025-11-20,12275,0,,Outstanding
INV00056,CT0007,2025-05-28,2025-06-27,32175,32175,2025-05-28,Paid
INV00057,CT0007,2024-12-08,2025-01-11,26659,0,,Outstanding
INV00058,CT0007,2024-07-07,2024-08-07,49551,0,,Overdue
INV00059,CT0007,2025-10-13,2025-11-02,36756,2904,2025-10-13,Disputed
INV00060,CT0007,2025-09-04,2025-09-26,24699,0,,Outstanding
INV00061,CT0007,2025-04-04,2025-04-20,48684,48684,2025-04-22,Paid
INV00062,CT0007,2024-12-05,2025-01-12,37843,37843,2024-12-24,Paid
INV00063,CT0007,2025-10-06,2025-11-03,30865,0,,Outstanding
INV00064,CT0008,2024-01-12,2024-02-12,33280,0,,Outstanding
INV00065,CT0008,2024-01-04,2024-01-21,43827,0,,Outstanding
INV00066,CT0008,2025-08-10,2025-09-17,4989,0,,Overdue
INV00067,CT0008,2025-05-01,2025-05-19,14738,0,,Outstanding
INV00068,CT0008,2024-11-11,2024-12-21,35529,0,,Overdue
INV00069,CT0008,2024-08-23,2024-09-30,18208,0,,Outstanding
INV00070,CT0008,2024-02-18,2024-03-31,41009,20764,2024-02-18,Disputed
INV00071,CT0008,2025-03-05,2025-03-20,10415,10415,2025-03-11,Paid
INV00072,CT0008,2025-10-24,2025-11-23,12219,0,,Outstanding
INV00073,CT0009,2024-10-09,2024-11-04,1211,1211,2024-10-28,Paid
INV00074,CT0009,2025-03-20,2025-04-08,2102,0,,Overdue
INV00075,CT0009,2024-09-11,2024-09-27,7147,0,,Overdue
INV00076,CT0009,2025-12-10,2026-01-09,7377,7377,2025-12-15,Paid
INV00077,CT0009,2024-01-02,2024-02-06,4734,0,,Outstanding
INV00078,CT0009,2025-02-16,2025-03-19,40583,20454,2025-02-16,Disputed
INV00079,CT0009,2024-01-01,2024-02-10,39475,0,,Overdue
INV00080,CT0009,2024-12-22,2025-01-18,23030,23030,2024-12-28,Paid
INV00081,CT0009,2024-03-17,2024-04-18,19697,0,,Overdue
INV00082,CT0010,2025-10-15,2025-11-30,33732,0,,Overdue
INV00083,CT0010,2024-07-19,2024-08-15,49082,49082,2024-07-28,Paid
INV00084,CT0010,2025-02-09,2025-03-11,16114,0,,Overdue
INV00085,CT0010,2025-01-26,2025-02-23,11210,2761,2025-01-26,Disputed
INV00086,CT0010,2024-08-15,2024-09-07,45239,21037,2024-08-15,Disputed
INV00087,CT0010,2025-08-25,2025-09-30,12845,0,,Outstanding
INV00088,CT0011,2024-11-24,2024-12-28,33741,0,,Overdue
INV00089,CT0011,2025-11-18,2025-12-06,24676,0,,Overdue
INV00090,CT0011,2025-09-02,2025-10-16,37877,0,,Outstanding
INV00091,CT0011,2025-09-27,2025-10-31,26032,6222,2025-09-27,Disputed
INV00092,CT0012,2025-01-07,2025-02-18,39199,0,,Outstanding
INV00093,CT0012,2024-03-18,2024-04-21,31317,31317,2024-03-20,Paid
INV00094,CT0012,2024-08-18,2024-09-11,48714,48714,2024-08-27,Paid
INV00095,CT0012,2025-05-20,2025-06-14,6248,0,,Outstanding
INV00096,CT0013,2025-06-19,2025-07-07,31545,0,,Overdue
INV00097,CT0013,2025-12-27,2026-01-28,12471,12471,2025-12-28,Paid
INV00098,CT0013,2025-03-14,2025-04-12,49079,28029,2025-03-14,Disputed
INV00099,CT0014,2024-05-13,2024-06-12,27327,0,,Overdue
INV00100,CT0014,2025-03-28,2025-04-24,14081,0,,Outstanding
INV00101,CT0014,2024-02-21,2024-03-18,7114,7114,2024-02-28,Paid
INV00102,CT0014,2025-05-15,2025-06-30,43377,0,,Overdue
INV00103,CT0014,2024-12-15,2025-01-06,9898,9898,2024-12-20,Paid
INV00104,CT0014,2025-11-07,2025-12-11,45206,0,,Overdue
INV00105,CT0014,2024-04-21,2024-05-09,21625,0,,Overdue
INV00106,CT0014,2025-10-17,2025-11-21,37471,0,,Overdue
INV00107,CT0014,2024-10-05,2024-10-24,27297,0,,Overdue
INV00108,CT0014,2025-08-20,2025-09-13,35208,0,,Overdue
INV00109,CT0014,2024-12-21,2025-01-23,29141,0,,Overdue
INV00110,CT0015,2025-05-09,2025-06-18,35286,0,,Outstanding
INV00111,CT0015,2024-06-17,2024-07-30,26463,26463,2024-06-28,Paid
INV00112,CT0015,2025-06-16,2025-07-14,49742,3992,2025-06-16,Disputed
INV00113,CT0015,2024-04-15,2024-05-23,3491,0,,Outstanding
INV00114,CT0015,2024-09-14,2024-10-20,11182,0,,Outstanding
INV00115,CT0015,2025-05-02,2025-06-14,4886,0,,Overdue
INV00116,CT0015,2024-11-10,2024-12-23,30445,0,,Overdue
INV00117,CT0015,2024-01-06,2024-02-16,23649,23649,2024-01-25,Paid
INV00118,CT0015,2025-09-23,2025-10-11,16015,270,2025-09-23,Disputed
INV00119,CT0015,2024-03-09,2024-04-12,36218,0,,Overdue
INV00120,CT0016,2025-10-06,2025-11-07,29883,29883,2025-10-13,Paid
INV00121,CT0016,2024-09-23,2024-10-25,30280,4338,2024-09-23,Disputed
INV00122,CT0016,2025-05-10,2025-05-27,11461,907,2025-05-10,Disputed
INV00123,CT0016,2025-02-21,2025-03-31,46798,17173,2025-02-21,Disputed
INV00124,CT0016,2024-02-02,2024-03-01,20644,0,,Overdue
INV00125,CT0016,2025-06-15,2025-07-29,14128,0,,Outstanding
INV00126,CT0016,2025-10-23,2025-11-25,23210,23210,2025-10-28,Paid
INV00127,CT0016,2025-08-28,2025-09-30,39710,16492,2025-08-28,Disputed
INV00128,CT0016,2024-07-05,2024-08-20,27571,0,,Overdue
INV00129,CT0016,2024-10-16,2024-11-10,48903,0,,Overdue
INV00130,CT0017,2024-01-06,2024-02-16,34785,0,,Outstanding
INV00131,CT0017,2025-06-21,2025-07-19,43489,0,,Outstanding
INV00132,CT0017,2024-01-11,2024-02-15,42370,0,,Overdue
INV00133,CT0017,2024-07-27,2024-08-31,36687,0,,Outstanding
INV00134,CT0017,2024-03-04,2024-04-12,12375,12375,2024-03-09,Paid
INV00135,CT0017,2025-08-26,2025-09-24,36398,0,,Outstanding
INV00136,CT0017,2025-11-08,2025-12-21,6283,0,,Outstanding
INV00137,CT0017,2025-12-10,2026-01-15,49385,49385,2025-12-26,Paid
INV00138,CT0017,2025-06-06,2025-07-04,44341,0,,Outstanding
INV00139,CT0017,2024-05-16,2024-06-19,20239,0,,Overdue
INV00140,CT0017,2025-06-11,2025-07-11,30624,30624,2025-06-27,Paid
INV00141,CT0017,2024-06-25,2024-07-31,3871,0,,Overdue
INV00142,CT0018,2025-09-10,2025-10-08,3145,14,2025-09-10,Disputed
INV00143,CT0018,2024-10-08,2024-11-17,33982,2459,2024-10-08,Disputed
INV00144,CT0018,2024-02-27,2024-03-31,48976,0,,Overdue
INV00145,CT0018,2025-03-02,2025-04-12,41296,41296,2025-03-21,Paid
INV00146,CT0018,2024-08-03,2024-09-05,36448,17590,2024-08-03,Disputed
INV00147,CT0018,2025-06-15,2025-07-20,14001,14001,2025-06-20,Paid
INV00148,CT0018,2025-12-21,2026-01-21,8526,0,,Outstanding
INV00149,CT0018,2025-09-17,2025-10-07,2023,0,,Overdue
INV00150,CT0018,2024-12-17,2025-01-31,42162,0,,Overdue
INV00151,CT0018,2025-10-19,2025-11-28,8392,8392,2025-10-20,Paid
INV00152,CT0018,2024-08-17,2024-09-26,42623,10545,2024-08-17,Disputed
INV00153,CT0018,2024-03-25,2024-04-28,31129,11011,2024-03-25,Disputed
INV00154,CT0019,2024-04-25,2024-05-31,45276,25965,2024-04-25,Disputed
INV00155,CT0019,2024-09-11,2024-10-01,46635,1689,2024-09-11,Disputed
INV00156,CT0019,2024-09-27,2024-10-25,35333,0,,Overdue
INV00157,CT0019,2025-11-14,2025-12-09,44897,22452,2025-11-14,Disputed
INV00158,CT0019,2024-02-06,2024-03-05,9173,9173,2024-02-13,Paid
INV00159,CT0019,2024-10-17,2024-11-27,10006,10006,2024-10-28,Paid
INV00160,CT0019,2024-05-03,2024-06-08,11609,0,,Outstanding
INV00161,CT0019,2024-07-13,2024-08-29,2066,0,,Outstanding
INV00162,CT0020,2024-11-10,2024-12-21,25057,0,,Outstanding
INV00163,CT0020,2025-05-15,2025-06-12,48824,11354,2025-05-15,Disputed
INV00164,CT0020,2024-11-01,2024-12-15,28148,7983,2024-11-01,Disputed
INV00165,CT0020,2024-07-17,2024-08-20,23455,13248,2024-07-17,Disputed
INV00166,CT0020,2025-09-25,2025-10-15,38980,19883,2025-09-25,Disputed
INV00167,CT0020,2024-01-12,2024-02-25,10078,0,,Overdue
INV00168,CT0020,2025-09-05,2025-10-03,34591,34591,2025-09-10,Paid
INV00169,CT0020,2025-11-19,2025-12-08,15454,15454,2025-11-28,Paid
INV00170,CT0021,2024-09-17,2024-10-07,34340,12909,2024-09-17,Disputed
INV00171,CT0021,2025-09-23,2025-10-31,3500,3500,2025-09-28,Paid
INV00172,CT0021,2025-07-06,2025-08-11,44834,0,,Outstanding
INV00173,CT0021,2025-10-20,2025-11-13,2564,413,2025-10-20,Disputed
INV00174,CT0022,2025-11-07,2025-11-24,26636,0,,Overdue
INV00175,CT0022,2025-05-05,2025-06-21,27475,15886,2025-05-05,Disputed
INV00176,CT0022,2024-07-01,2024-07-23,17622,0,,Outstanding
INV00177,CT0022,2025-06-08,2025-07-19,30534,30534,2025-06-25,Paid
INV00178,CT0022,2024-02-26,2024-03-17,32767,32767,2024-02-28,Paid
INV00179,CT0022,2024-10-14,2024-11-14,24440,0,,Outstanding
INV00180,CT0023,2024-08-25,2024-09-25,37152,0,,Overdue
INV00181,CT0023,2025-10-01,2025-11-17,39773,0,,Overdue
INV00182,CT0023,2025-02-21,2025-03-24,40362,0,,Outstanding
INV00183,CT0023,2024-02-20,2024-03-10,26779,0,,Overdue
INV00184,CT0023,2024-01-04,2024-01-23,11690,0,,Outstanding
INV00185,CT0023,2025-09-09,2025-10-03,48286,48286,2025-09-28,Paid
INV00186,CT0023,2024-02-08,2024-03-13,45672,0,,Outstanding
INV00187,CT0024,2024-12-19,2025-01-20,32138,0,,Overdue
INV00188,CT0024,2025-11-16,2025-12-29,38264,38264,2025-11-16,Paid
INV00189,CT0024,2025-06-22,2025-07-26,28228,0,,Overdue
INV00190,CT0024,2024-07-27,2024-08-26,10552,0,,Overdue
INV00191,CT0024,2025-01-23,2025-02-28,13193,0,,Overdue
INV00192,CT0024,2024-03-18,2024-04-30,37952,0,,Outstanding
INV00193,CT0024,2024-08-14,2024-09-04,30040,9326,2024-08-14,Disputed
INV00194,CT0024,2024-11-23,2024-12-31,41155,0,,Outstanding
INV00195,CT0024,2025-02-18,2025-03-16,8701,0,,Outstanding
INV00196,CT0024,2024-09-24,2024-10-17,9649,0,,Outstanding
INV00197,CT0025,2025-10-22,2025-11-26,14412,14412,2025-10-28,Paid
INV00198,CT0025,2025-06-22,2025-07-29,35077,35077,2025-06-28,Paid
INV00199,CT0025,2025-11-13,2025-12-05,27221,0,,Overdue
INV00200,CT0025,2024-11-02,2024-11-20,47553,0,,Outstanding
INV00201,CT0025,2024-02-04,2024-03-17,27961,0,,Outstanding
INV00202,CT0025,2025-01-27,2025-02-28,35631,0,,Overdue
INV00203,CT0025,2024-11-13,2024-12-13,6669,0,,Outstanding
INV00204,CT0025,2025-09-21,2025-10-20,24045,1933,2025-09-21,Disputed
INV00205,CT0025,2025-06-14,2025-07-02,1361,0,,Overdue
INV00206,CT0026,2024-05-07,2024-06-06,48056,0,,Overdue
INV00207,CT0026,2024-08-03,2024-09-01,36356,0,,Outstanding
INV00208,CT0026,2025-10-27,2025-11-30,23399,23399,2025-10-28,Paid
INV00209,CT0026,2024-12-28,2025-01-18,20553,0,,Overdue
INV00210,CT0026,2024-11-04,2024-11-19,46205,0,,Overdue
INV00211,CT0026,2024-05-21,2024-06-19,20002,5970,2024-05-21,Disputed
INV00212,CT0026,2025-10-18,2025-11-06,2569,0,,Overdue
INV00213,CT0026,2024-01-11,2024-02-25,13749,0,,Overdue
INV00214,CT0026,2024-09-04,2024-10-19,12037,1544,2024-09-04,Disputed
INV00215,CT0026,2024-06-18,2024-07-08,17128,918,2024-06-18,Disputed
INV00216,CT0026,2025-06-15,2025-07-30,43377,0,,Overdue
INV00217,CT0026,2024-11-07,2024-12-11,37202,134,2024-11-07,Disputed
INV00218,CT0027,2024-12-23,2025-01-11,28902,0,,Outstanding
INV00219,CT0027,2024-12-17,2025-01-09,40951,40951,2024-12-18,Paid
INV00220,CT0027,2025-06-11,2025-07-03,17434,0,,Outstanding
INV00221,CT0027,2025-07-11,2025-07-27,24085,10142,2025-07-11,Disputed
INV00222,CT0027,2025-09-14,2025-10-17,20668,20668,2025-09-24,Paid
INV00223,CT0027,2025-07-27,2025-08-28,34493,0,,Outstanding
INV00224,CT0028,2025-05-09,2025-06-08,11942,0,,Outstanding
INV00225,CT0028,2024-06-06,2024-07-19,6460,0,,Outstanding
INV00226,CT0028,2025-10-16,2025-11-14,46154,0,,Overdue
INV00227,CT0028,2024-05-25,2024-06-16,31012,0,,Outstanding
INV00228,CT0029,2024-06-12,2024-07-01,43704,6079,2024-06-12,Disputed
INV00229,CT0029,2024-01-06,2024-02-06,7457,7457,2024-01-23,Paid
INV00230,CT0029,2024-01-10,2024-02-19,40387,0,,Outstanding
INV00231,CT0029,2024-10-26,2024-11-21,49345,23471,2024-10-26,Disputed
INV00232,CT0029,2025-10-03,2025-11-13,24340,24340,2025-10-20,Paid
INV00233,CT0029,2024-12-17,2025-01-23,26616,26616,2024-12-24,Paid
INV00234,CT0029,2024-10-28,2024-11-30,40596,40596,2024-10-28,Paid
INV00235,CT0029,2025-07-10,2025-08-02,46629,0,,Overdue
INV00236,CT0029,2024-03-16,2024-04-15,29031,16367,2024-03-16,Disputed
INV00237,CT0029,2025-05-12,2025-06-22,18996,6881,2025-05-12,Disputed
INV00238,CT0030,2024-05-05,2024-06-20,23479,0,,Overdue
INV00239,CT0030,2025-09-28,2025-10-31,31077,0,,Overdue
INV00240,CT0030,2025-04-27,2025-05-31,29445,0,,Outstanding
INV00241,CT0030,2025-05-14,2025-06-26,43129,43129,2025-05-28,Paid
INV00242,CT0030,2024-03-03,2024-04-07,7949,0,,Outstanding
INV00243,CT0030,2024-10-07,2024-10-23,5257,5257,2024-10-14,Paid
INV00244,CT0031,2024-06-14,2024-07-28,27294,27294,2024-06-14,Paid
INV00245,CT0031,2025-12-02,2026-01-08,8193,8193,2025-12-13,Paid
INV00246,CT0031,2025-07-26,2025-08-31,17224,5472,2025-07-26,Disputed
INV00247,CT0031,2025-08-25,2025-09-29,30645,30645,2025-08-28,Paid
INV00248,CT0031,2024-12-25,2025-01-31,19446,0,,Outstanding
INV00249,CT0031,2025-06-13,2025-07-07,7453,0,,Outstanding
INV00250,CT0032,2025-09-28,2025-10-31,28578,3199,2025-09-28,Disputed
INV00251,CT0032,2025-08-18,2025-09-30,42723,0,,Overdue
INV00252,CT0032,2025-08-09,2025-09-22,14229,0,,Outstanding
INV00253,CT0032,2024-06-09,2024-07-10,34752,0,,Outstanding
INV00254,CT0032,2024-07-12,2024-07-27,39835,12433,2024-07-12,Disputed
INV00255,CT0033,2024-01-21,2024-02-26,30383,0,,Overdue
INV00256,CT0033,2025-10-17,2025-11-13,43858,43858,2025-10-23,Paid
INV00257,CT0033,2025-02-23,2025-03-31,31435,0,,Outstanding
INV00258,CT0033,2024-07-21,2024-08-31,24792,0,,Outstanding
INV00259,CT0033,2025-04-19,2025-05-18,14131,6702,2025-04-19,Disputed
INV00260,CT0034,2025-06-25,2025-07-31,20064,20064,2025-06-25,Paid
INV00261,CT0034,2025-01-26,2025-02-28,30091,8841,2025-01-26,Disputed
INV00262,CT0034,2025-09-06,2025-10-04,36383,0,,Outstanding
INV00263,CT0034,2025-02-09,2025-03-19,35221,12435,2025-02-09,Disputed
INV00264,CT0034,2025-08-07,2025-09-23,40285,40285,2025-08-21,Paid
INV00265,CT0035,2024-02-27,2024-03-31,5069,0,,Overdue
INV00266,CT0035,2025-11-14,2025-12-16,30418,7100,2025-11-14,Disputed
INV00267,CT0035,2024-04-05,2024-05-14,10223,0,,Outstanding
INV00268,CT0035,2024-06-02,2024-07-07,6858,2159,2024-06-02,Disputed
INV00269,CT0036,2024-12-23,2025-01-31,8056,0,,Outstanding
INV00270,CT0036,2025-07-03,2025-07-23,29024,0,,Overdue
INV00271,CT0036,2024-10-22,2024-11-14,13246,0,,Outstanding
INV00272,CT0036,2024-06-18,2024-07-27,37843,37843,2024-06-25,Paid
INV00273,CT0036,2025-02-06,2025-03-11,35928,14940,2025-02-06,Disputed
INV00274,CT0037,2024-08-13,2024-09-17,42050,14549,2024-08-13,Disputed
INV00275,CT0037,2025-11-28,2025-12-28,25274,0,,Overdue
INV00276,CT0037,2024-10-04,2024-11-20,14599,2142,2024-10-04,Disputed
INV00277,CT0037,2024-10-28,2024-11-30,21928,11489,2024-10-28,Disputed
INV00278,CT0038,2025-11-05,2025-12-14,3251,1296,2025-11-05,Disputed
INV00279,CT0038,2025-12-25,2026-01-13,46943,22633,2025-12-25,Disputed
INV00280,CT0038,2024-11-11,2024-12-09,9832,0,,Overdue
INV00281,CT0038,2025-08-05,2025-09-17,13841,0,,Outstanding
INV00282,CT0038,2025-01-26,2025-02-28,49169,49169,2025-01-28,Paid
INV00283,CT0038,2024-09-24,2024-10-31,17656,0,,Outstanding
INV00284,CT0038,2024-12-14,2025-01-12,45265,0,,Overdue
INV00285,CT0038,2025-05-01,2025-06-07,7447,516,2025-05-01,Disputed
INV00286,CT0039,2025-01-03,2025-01-21,11436,0,,Outstanding
INV00287,CT0039,2024-12-05,2024-12-21,36190,0,,Outstanding
INV00288,CT0039,2025-07-02,2025-08-10,28233,12518,2025-07-02,Disputed
INV00289,CT0039,2024-04-28,2024-05-31,44687,0,,Overdue
INV00290,CT0039,2024-09-28,2024-10-31,31612,31612,2024-09-28,Paid
INV00291,CT0039,2024-02-02,2024-03-09,18865,0,,Overdue
INV00292,CT0040,2024-09-23,2024-10-14,11769,0,,Outstanding
INV00293,CT0040,2024-04-09,2024-04-24,21170,0,,Overdue
INV00294,CT0040,2024-09-28,2024-10-31,25113,0,,Outstanding
INV00295,CT0040,2025-01-20,2025-02-07,45129,45129,2025-01-24,Paid
INV00296,CT0040,2024-08-19,2024-09-28,41238,0,,Outstanding
INV00297,CT0040,2024-07-06,2024-08-08,13805,6471,2024-07-06,Disputed
INV00298,CT0040,2025-09-02,2025-10-14,45039,15616,2025-09-02,Disputed
INV00299,CT0040,2024-10-18,2024-11-12,40918,0,,Overdue
INV00300,CT0040,2024-01-14,2024-02-22,46348,0,,Outstanding
INV00301,CT0041,2025-08-26,2025-09-21,14439,0,,Outstanding
INV00302,CT0041,2025-12-17,2026-01-26,6298,0,,Outstanding
INV00303,CT0041,2025-09-03,2025-10-13,6270,6270,2025-09-10,Paid
INV00304,CT0042,2025-02-19,2025-03-08,46946,18296,2025-02-19,Disputed
INV00305,CT0042,2024-11-21,2024-12-31,26072,9661,2024-11-21,Disputed
INV00306,CT0042,2025-09-17,2025-10-09,8863,8863,2025-09-24,Paid
INV00307,CT0042,2025-06-21,2025-07-21,16443,0,,Overdue
INV00308,CT0042,2025-02-05,2025-03-16,34754,1453,2025-02-05,Disputed
INV00309,CT0042,2025-03-20,2025-04-14,39884,0,,Overdue
INV00310,CT0042,2025-04-20,2025-05-31,15392,1171,2025-04-20,Disputed
INV00311,CT0042,2025-10-20,2025-11-14,6398,0,,Overdue
INV00312,CT0043,2025-05-06,2025-06-04,27541,0,,Overdue
INV00313,CT0043,2025-12-03,2025-12-24,41893,0,,Overdue
INV00314,CT0043,2025-09-16,2025-10-17,44460,0,,Overdue
INV00315,CT0043,2025-01-28,2025-02-28,15649,15649,2025-01-28,Paid
INV00316,CT0043,2025-03-06,2025-04-13,22092,11265,2025-03-06,Disputed
INV00317,CT0043,2025-08-18,2025-09-30,17820,0,,Outstanding
INV00318,CT0043,2024-09-16,2024-10-04,34330,0,,Overdue
INV00319,CT0043,2024-03-02,2024-04-18,30678,0,,Overdue
INV00320,CT0044,2024-09-17,2024-10-30,43720,9475,2024-09-17,Disputed
INV00321,CT0044,2025-02-23,2025-03-13,41803,0,,Outstanding
INV00322,CT0044,2024-07-26,2024-08-31,10875,5187,2024-07-26,Disputed
INV00323,CT0044,2024-09-28,2024-10-25,45030,45030,2024-09-28,Paid
INV00324,CT0044,2025-09-14,2025-10-30,9911,0,,Overdue
INV00325,CT0045,2024-08-15,2024-09-19,4134,4134,2024-08-28,Paid
INV00326,CT0045,2024-10-17,2024-11-19,42169,19051,2024-10-17,Disputed
INV00327,CT0045,2024-04-09,2024-05-02,38110,0,,Outstanding
INV00328,CT0045,2025-04-02,2025-04-18,32976,32976,2025-04-11,Paid
INV00329,CT0046,2024-06-14,2024-07-20,20028,0,,Overdue
INV00330,CT0046,2024-02-13,2024-03-11,26482,1584,2024-02-13,Disputed
INV00331,CT0046,2025-02-18,2025-03-30,3488,3488,2025-02-28,Paid
INV00332,CT0046,2025-01-16,2025-02-06,29758,0,,Overdue
INV00333,CT0046,2024-11-10,2024-12-11,28645,28645,2024-11-26,Paid
INV00334,CT0046,2025-04-24,2025-05-11,2036,111,2025-04-24,Disputed
INV00335,CT0046,2025-03-13,2025-04-14,41405,41405,2025-03-28,Paid
INV00336,CT0046,2024-04-05,2024-05-03,16128,0,,Outstanding
INV00337,CT0046,2025-01-22,2025-02-15,12585,0,,Outstanding
INV00338,CT0047,2024-10-25,2024-11-26,47675,9563,2024-10-25,Disputed
INV00339,CT0047,2025-06-04,2025-06-28,11598,11598,2025-06-13,Paid
INV00340,CT0047,2025-02-07,2025-03-14,33505,0,,Outstanding
INV00341,CT0047,2025-08-05,2025-09-10,9969,0,,Outstanding
INV00342,CT0047,2025-04-08,2025-05-10,47266,0,,Outstanding
INV00343,CT0047,2024-06-07,2024-07-16,25289,25289,2024-06-13,Paid
INV00344,CT0047,2024-06-04,2024-07-20,12778,2842,2024-06-04,Disputed
INV00345,CT0047,2024-05-25,2024-06-13,49655,0,,Outstanding
INV00346,CT0048,2025-04-10,2025-05-09,48686,5382,2025-04-10,Disputed
INV00347,CT0048,2024-11-04,2024-12-05,39916,39916,2024-11-09,Paid
INV00348,CT0048,2025-05-17,2025-06-05,3089,0,,Overdue
INV00349,CT0048,2025-11-06,2025-12-11,29790,29790,2025-11-11,Paid
INV00350,CT0048,2024-06-12,2024-07-21,13036,0,,Overdue
INV00351,CT0048,2024-08-09,2024-09-22,30481,0,,Outstanding
INV00352,CT0048,2024-11-23,2024-12-31,42280,0,,Outstanding
INV00353,CT0048,2024-04-19,2024-05-18,28401,28401,2024-04-22,Paid
INV00354,CT0048,2025-09-17,2025-10-15,46659,0,,Outstanding
INV00355,CT0048,2024-03-06,2024-03-24,5830,5830,2024-03-08,Paid
INV00356,CT0048,2024-08-02,2024-09-15,29107,0,,Overdue
INV00357,CT0049,2024-06-15,2024-07-08,30355,30355,2024-06-17,Paid
INV00358,CT0049,2025-08-24,2025-09-17,19706,5082,2025-08-24,Disputed
INV00359,CT0049,2025-08-28,2025-09-23,8996,8996,2025-08-28,Paid
INV00360,CT0049,2025-12-15,2026-01-08,26539,26539,2025-12-28,Paid
INV00361,CT0049,2025-01-16,2025-02-04,41392,0,,Outstanding
INV00362,CT0049,2024-09-24,2024-10-26,49162,0,,Overdue
INV00363,CT0049,2024-11-06,2024-11-25,30391,0,,Overdue
INV00364,CT0050,2025-10-26,2025-11-30,17969,0,,Overdue
INV00365,CT0050,2024-08-19,2024-09-13,32193,3775,2024-08-19,Disputed
INV00366,CT0050,2025-07-07,2025-08-14,12302,0,,Outstanding
INV00367,CT0050,2025-04-08,2025-05-17,34142,0,,Outstanding
INV00368,CT0050,2024-09-18,2024-10-31,29580,11183,2024-09-18,Disputed
INV00369,CT0050,2024-02-11,2024-02-27,5511,1812,2024-02-11,Disputed
INV00370,CT0050,2024-12-17,2025-01-21,17246,17246,2024-12-22,Paid
INV00371,CT0050,2025-10-03,2025-10-23,32293,32293,2025-10-06,Paid
INV00372,CT0050,2025-09-16,2025-10-06,15015,2963,2025-09-16,Disputed
INV00373,CT0050,2024-10-21,2024-11-25,29572,0,,Outstanding
INV00374,CT0050,2024-05-09,2024-06-10,5440,897,2024-05-09,Disputed
INV00375,CT0050,2025-10-22,2025-11-16,24440,0,,Outstanding
INV00376,CT0051,2025-06-27,2025-07-26,33635,0,,Overdue
INV00377,CT0051,2025-11-02,2025-11-28,42245,42245,2025-11-15,Paid
INV00378,CT0051,2024-02-12,2024-03-01,20009,0,,Overdue
INV00379,CT0051,2025-04-21,2025-05-19,4243,179,2025-04-21,Disputed
INV00380,CT0051,2024-02-16,2024-03-07,20326,2270,2024-02-16,Disputed
INV00381,CT0051,2025-07-06,2025-08-16,37033,0,,Outstanding
INV00382,CT0052,2024-10-27,2024-11-30,41873,0,,Outstanding
INV00383,CT0052,2024-04-27,2024-05-28,3583,1992,2024-04-27,Disputed
INV00384,CT0052,2025-08-10,2025-08-26,17759,9368,2025-08-10,Disputed
INV00385,CT0052,2025-04-15,2025-05-21,20303,0,,Overdue
INV00386,CT0052,2025-05-13,2025-06-20,6323,6323,2025-05-22,Paid
INV00387,CT0052,2025-10-25,2025-11-30,26098,26098,2025-10-27,Paid
INV00388,CT0052,2025-12-22,2026-01-19,10042,0,,Outstanding
INV00389,CT0052,2025-02-14,2025-03-29,16911,16911,2025-02-19,Paid
INV00390,CT0052,2024-04-24,2024-05-31,19898,0,,Outstanding
INV00391,CT0052,2024-03-04,2024-04-14,39261,39261,2024-03-14,Paid
INV00392,CT0052,2024-11-20,2024-12-22,46013,46013,2024-11-27,Paid
INV00393,CT0052,2024-08-01,2024-09-10,37447,37447,2024-08-18,Paid
INV00394,CT0053,2025-01-04,2025-02-05,18661,9964,2025-01-04,Disputed
INV00395,CT0053,2025-02-20,2025-03-24,9337,0,,Overdue
INV00396,CT0053,2025-05-22,2025-06-23,36548,4891,2025-05-22,Disputed
INV00397,CT0053,2025-01-19,2025-02-28,18284,5603,2025-01-19,Disputed
INV00398,CT0053,2024-11-09,2024-12-06,34009,0,,Outstanding
INV00399,CT0053,2024-01-12,2024-02-28,4557,711,2024-01-12,Disputed
INV00400,CT0053,2024-01-14,2024-02-09,39834,1811,2024-01-14,Disputed
INV00401,CT0054,2025-03-10,2025-04-23,34495,0,,Outstanding
INV00402,CT0054,2025-06-15,2025-07-30,49940,0,,Outstanding
INV00403,CT0054,2024-02-19,2024-03-12,21408,21408,2024-02-28,Paid
INV00404,CT0054,2025-03-23,2025-04-30,29080,6718,2025-03-23,Disputed
INV00405,CT0054,2025-07-04,2025-08-04,47894,0,,Overdue
INV00406,CT0054,2025-07-09,2025-08-06,49608,0,,Overdue
INV00407,CT0054,2025-12-20,2026-01-31,28463,14835,2025-12-20,Disputed
INV00408,CT0055,2024-09-07,2024-10-21,46837,46837,2024-09-11,Paid
INV00409,CT0055,2025-10-25,2025-11-30,37293,37293,2025-10-27,Paid
INV00410,CT0055,2024-06-06,2024-07-16,16649,0,,Outstanding
INV00411,CT0055,2024-08-08,2024-08-26,9723,9723,2024-08-22,Paid
INV00412,CT0056,2024-01-12,2024-02-18,23451,0,,Outstanding
INV00413,CT0056,2025-04-03,2025-05-10,29379,0,,Overdue
INV00414,CT0056,2025-06-05,2025-07-05,22631,11012,2025-06-05,Disputed
INV00415,CT0056,2025-02-24,2025-03-14,8633,0,,Outstanding
INV00416,CT0056,2025-03-17,2025-04-13,23004,23004,2025-03-23,Paid
INV00417,CT0056,2024-02-22,2024-03-23,36965,0,,Outstanding
INV00418,CT0057,2025-12-23,2026-01-14,34327,12181,2025-12-23,Disputed
INV00419,CT0057,2024-10-24,2024-11-30,31208,0,,Outstanding
INV00420,CT0057,2025-12-14,2026-01-21,49194,0,,Overdue
INV00421,CT0057,2024-12-09,2025-01-04,48475,4953,2024-12-09,Disputed
INV00422,CT0057,2024-03-12,2024-04-17,45191,0,,Overdue
INV00423,CT0057,2025-01-22,2025-02-18,17395,0,,Overdue
INV00424,CT0057,2024-07-02,2024-07-23,38686,0,,Outstanding
INV00425,CT0057,2024-03-04,2024-04-04,6550,0,,Outstanding
INV00426,CT0057,2025-03-14,2025-04-21,2092,0,,Outstanding
INV00427,CT0058,2025-12-28,2026-01-31,6659,983,2025-12-28,Disputed
INV00428,CT0058,2025-08-18,2025-09-30,27904,27904,2025-08-28,Paid
INV00429,CT0058,2024-05-07,2024-06-10,28268,0,,Outstanding
INV00430,CT0058,2025-04-10,2025-04-27,16820,16820,2025-04-20,Paid
INV00431,CT0058,2025-01-04,2025-01-21,14429,14429,2025-01-16,Paid
INV00432,CT0058,2025-08-24,2025-09-24,2245,2245,2025-08-26,Paid
INV00433,CT0058,2025-07-01,2025-08-04,17813,17813,2025-07-01,Paid
INV00434,CT0059,2025-09-28,2025-10-19,46379,21391,2025-09-28,Disputed
INV00435,CT0059,2024-10-10,2024-11-06,44893,19132,2024-10-10,Disputed
INV00436,CT0059,2025-12-21,2026-01-15,37480,0,,Overdue
INV00437,CT0059,2025-06-15,2025-07-31,47851,47851,2025-06-22,Paid
INV00438,CT0059,2025-10-27,2025-11-30,41940,0,,Overdue
INV00439,CT0059,2025-02-17,2025-03-31,12647,0,,Outstanding
INV00440,CT0059,2025-11-25,2025-12-24,12547,0,,Overdue
INV00441,CT0060,2024-07-28,2024-08-20,16745,7043,2024-07-28,Disputed
INV00442,CT0060,2025-03-01,2025-04-14,38141,38141,2025-03-13,Paid
INV00443,CT0060,2025-03-20,2025-04-16,36914,0,,Overdue
INV00444,CT0060,2025-01-03,2025-02-04,3313,0,,Outstanding
INV00445,CT0060,2025-05-03,2025-06-09,44139,44139,2025-05-11,Paid
INV00446,CT0061,2024-07-21,2024-08-31,18303,0,,Overdue
INV00447,CT0061,2025-08-23,2025-09-22,18603,18603,2025-08-28,Paid
INV00448,CT0061,2024-02-02,2024-02-21,29094,0,,Outstanding
INV00449,CT0061,2024-11-01,2024-12-02,1898,0,,Overdue
INV00450,CT0061,2025-08-07,2025-09-07,18101,10544,2025-08-07,Disputed
INV00451,CT0061,2025-03-24,2025-04-30,45629,0,,Outstanding
INV00452,CT0061,2024-06-19,2024-07-18,34761,0,,Outstanding
INV00453,CT0061,2024-04-09,2024-05-05,47455,0,,Outstanding
INV00454,CT0061,2024-07-05,2024-07-21,36560,36560,2024-07-09,Paid
INV00455,CT0061,2024-06-12,2024-07-15,1701,1701,2024-06-12,Paid
INV00456,CT0062,2024-03-23,2024-04-27,29305,16801,2024-03-23,Disputed
INV00457,CT0062,2024-04-26,2024-05-24,43882,22118,2024-04-26,Disputed
INV00458,CT0062,2025-03-01,2025-04-10,44489,44489,2025-03-13,Paid
INV00459,CT0062,2024-07-18,2024-08-14,23259,0,,Overdue
INV00460,CT0063,2024-06-02,2024-06-22,6748,0,,Outstanding
INV00461,CT0063,2024-06-18,2024-07-25,35334,0,,Outstanding
INV00462,CT0063,2025-07-07,2025-08-13,5620,5620,2025-07-11,Paid
INV00463,CT0063,2025-11-24,2025-12-25,24638,24638,2025-11-28,Paid
INV00464,CT0063,2024-09-09,2024-10-02,18625,0,,Outstanding
INV00465,CT0063,2024-08-05,2024-09-02,49317,0,,Outstanding
INV00466,CT0063,2024-02-03,2024-02-25,48930,0,,Outstanding
INV00467,CT0063,2025-11-28,2025-12-30,38566,21690,2025-11-28,Disputed
INV00468,CT0064,2024-04-28,2024-05-27,38248,0,,Outstanding
INV00469,CT0064,2024-10-08,2024-11-23,26489,2792,2024-10-08,Disputed
INV00470,CT0064,2024-03-14,2024-04-13,41327,20311,2024-03-14,Disputed
INV00471,CT0064,2024-05-17,2024-06-19,22672,0,,Outstanding
INV00472,CT0064,2025-01-17,2025-02-24,30407,15861,2025-01-17,Disputed
INV00473,CT0065,2024-08-01,2024-09-12,39658,0,,Overdue
INV00474,CT0065,2025-03-26,2025-04-30,6455,6455,2025-03-28,Paid
INV00475,CT0065,2024-02-12,2024-03-12,39075,0,,Overdue
INV00476,CT0065,2024-05-07,2024-06-07,18201,7903,2024-05-07,Disputed
INV00477,CT0065,2024-02-05,2024-03-15,12808,12808,2024-02-14,Paid
INV00478,CT0065,2024-10-17,2024-11-30,47651,17364,2024-10-17,Disputed
INV00479,CT0065,2024-06-16,2024-07-04,15675,3994,2024-06-16,Disputed
INV00480,CT0065,2025-05-20,2025-06-27,7189,7189,2025-05-28,Paid
INV00481,CT0065,2024-12-06,2025-01-18,35606,0,,Outstanding
INV00482,CT0065,2025-05-28,2025-06-30,17528,0,,Overdue
INV00483,CT0066,2025-07-23,2025-08-19,11796,0,,Overdue
INV00484,CT0066,2024-08-18,2024-09-06,46408,46408,2024-08-28,Paid
INV00485,CT0066,2024-06-13,2024-07-29,33993,33993,2024-06-24,Paid
INV00486,CT0066,2024-10-14,2024-11-07,15539,6458,2024-10-14,Disputed
INV00487,CT0066,2024-12-09,2025-01-19,47185,0,,Overdue
INV00488,CT0066,2024-06-17,2024-07-16,30109,30109,2024-06-18,Paid
INV00489,CT0067,2025-07-02,2025-07-25,19777,0,,Overdue
INV00490,CT0067,2025-05-02,2025-06-10,46442,0,,Outstanding
INV00491,CT0067,2025-01-13,2025-02-12,7758,7758,2025-01-25,Paid
INV00492,CT0067,2025-12-13,2026-01-16,36701,10962,2025-12-13,Disputed
INV00493,CT0067,2024-11-26,2024-12-31,48265,0,,Overdue
INV00494,CT0067,2025-02-11,2025-03-11,41514,0,,Outstanding
INV00495,CT0067,2024-11-22,2024-12-11,6576,0,,Overdue
INV00496,CT0068,2024-06-23,2024-07-10,33766,0,,Outstanding
INV00497,CT0068,2024-01-16,2024-02-11,46829,14163,2024-01-16,Disputed
INV00498,CT0068,2024-12-25,2025-01-21,28122,0,,Overdue
INV00499,CT0068,2025-07-02,2025-08-10,8255,0,,Outstanding
INV00500,CT0068,2024-07-24,2024-08-31,36749,0,,Outstanding
INV00501,CT0068,2025-03-09,2025-04-23,28763,0,,Outstanding
INV00502,CT0069,2025-12-24,2026-01-16,19092,0,,Overdue
INV00503,CT0069,2024-01-20,2024-02-28,14225,0,,Overdue
INV00504,CT0069,2024-01-11,2024-02-23,31967,0,,Outstanding
INV00505,CT0069,2024-11-05,2024-12-15,7448,2448,2024-11-05,Disputed
INV00506,CT0069,2024-05-04,2024-06-06,3891,0,,Overdue
INV00507,CT0069,2024-11-21,2024-12-13,14388,0,,Overdue
INV00508,CT0069,2024-08-03,2024-09-04,19810,19810,2024-08-08,Paid
INV00509,CT0069,2025-10-11,2025-11-13,47324,0,,Outstanding
INV00510,CT0069,2024-06-12,2024-07-09,34271,34271,2024-06-22,Paid
INV00511,CT0070,2024-03-10,2024-04-17,26787,7019,2024-03-10,Disputed
INV00512,CT0070,2024-04-02,2024-05-14,39879,0,,Outstanding
INV00513,CT0070,2024-03-07,2024-04-13,37879,0,,Overdue
INV00514,CT0071,2025-10-03,2025-10-25,43227,0,,Overdue
INV00515,CT0071,2025-12-12,2026-01-20,37460,0,,Outstanding
INV00516,CT0071,2025-10-26,2025-11-29,11999,0,,Outstanding
INV00517,CT0071,2025-01-01,2025-01-16,11219,832,2025-01-01,Disputed
INV00518,CT0071,2024-07-10,2024-08-21,21766,8050,2024-07-10,Disputed
INV00519,CT0071,2024-04-10,2024-05-02,24300,24300,2024-04-13,Paid
INV00520,CT0072,2025-08-19,2025-09-17,47651,0,,Outstanding
INV00521,CT0072,2024-08-11,2024-09-07,30766,0,,Overdue
INV00522,CT0072,2025-05-25,2025-06-27,2485,0,,Overdue
INV00523,CT0073,2024-08-06,2024-09-09,8394,8394,2024-08-16,Paid
INV00524,CT0073,2024-05-20,2024-06-23,27244,12174,2024-05-20,Disputed
INV00525,CT0073,2025-09-18,2025-10-31,2409,2409,2025-09-28,Paid
INV00526,CT0073,2024-02-23,2024-03-31,44282,23935,2024-02-23,Disputed
INV00527,CT0073,2024-09-08,2024-09-27,5590,0,,Overdue
INV00528,CT0073,2025-06-26,2025-07-30,11790,0,,Overdue
INV00529,CT0074,2024-11-02,2024-12-14,16829,0,,Overdue
INV00530,CT0074,2025-05-06,2025-05-26,28328,16415,2025-05-06,Disputed
INV00531,CT0074,2024-04-22,2024-05-25,40079,40079,2024-04-28,Paid
INV00532,CT0074,2025-02-04,2025-02-24,30093,0,,Overdue
INV00533,CT0074,2024-09-14,2024-10-15,18558,18558,2024-09-28,Paid
INV00534,CT0074,2025-01-08,2025-01-27,9676,1555,2025-01-08,Disputed
INV00535,CT0074,2025-07-25,2025-08-24,12096,12096,2025-07-26,Paid
INV00536,CT0074,2025-09-03,2025-10-14,15315,0,,Outstanding
INV00537,CT0074,2024-09-20,2024-10-25,1859,539,2024-09-20,Disputed
INV00538,CT0074,2025-05-15,2025-06-27,34612,0,,Outstanding
INV00539,CT0074,2025-08-13,2025-09-01,43302,0,,Overdue
INV00540,CT0075,2025-08-23,2025-09-23,36394,0,,Overdue
INV00541,CT0075,2024-07-27,2024-08-31,26104,0,,Outstanding
INV00542,CT0075,2024-09-02,2024-10-05,17570,0,,Outstanding
INV00543,CT0075,2025-05-07,2025-06-23,37731,0,,Overdue
INV00544,CT0075,2024-06-02,2024-07-03,12779,254,2024-06-02,Disputed
INV00545,CT0075,2024-07-21,2024-08-31,26039,1998,2024-07-21,Disputed
INV00546,CT0075,2025-09-12,2025-10-26,48675,48675,2025-09-13,Paid
INV00547,CT0075,2024-06-23,2024-07-10,33478,0,,Overdue
INV00548,CT0075,2025-02-23,2025-03-31,48030,0,,Outstanding
INV00549,CT0075,2024-01-14,2024-02-06,46701,46701,2024-01-28,Paid
INV00550,CT0075,2024-06-01,2024-07-06,15592,0,,Overdue
INV00551,CT0076,2025-08-15,2025-09-29,44296,0,,Outstanding
INV00552,CT0076,2025-09-13,2025-10-27,11135,0,,Outstanding
INV00553,CT0076,2024-03-22,2024-04-15,19184,10502,2024-03-22,Disputed
INV00554,CT0076,2025-12-12,2026-01-10,49537,0,,Overdue
INV00555,CT0076,2025-12-08,2026-01-04,14139,0,,Outstanding
INV00556,CT0076,2024-11-06,2024-11-27,29872,29872,2024-11-17,Paid
INV00557,CT0076,2025-10-24,2025-11-11,37055,37055,2025-10-28,Paid
INV00558,CT0077,2024-10-28,2024-11-26,2599,1528,2024-10-28,Disputed
INV00559,CT0077,2025-07-09,2025-08-20,38505,0,,Overdue
INV00560,CT0077,2025-01-12,2025-02-22,16678,4780,2025-01-12,Disputed
INV00561,CT0077,2024-12-12,2025-01-24,47861,4415,2024-12-12,Disputed
INV00562,CT0078,2025-01-17,2025-02-28,46236,46236,2025-01-24,Paid
INV00563,CT0078,2025-05-09,2025-06-08,41251,22753,2025-05-09,Disputed
INV00564,CT0078,2024-01-22,2024-02-16,29038,0,,Overdue
INV00565,CT0078,2025-03-28,2025-04-28,15796,0,,Overdue
INV00566,CT0078,2024-09-11,2024-10-27,47453,0,,Outstanding
INV00567,CT0078,2025-04-18,2025-05-23,38341,0,,Overdue
INV00568,CT0079,2025-03-09,2025-04-22,9191,0,,Overdue
INV00569,CT0079,2025-02-07,2025-03-11,25890,0,,Overdue
INV00570,CT0079,2024-11-12,2024-12-26,49287,0,,Overdue
INV00571,CT0080,2024-05-25,2024-06-30,13803,0,,Overdue
INV00572,CT0080,2025-03-02,2025-04-09,21238,6323,2025-03-02,Disputed
INV00573,CT0080,2025-02-21,2025-03-30,32818,12502,2025-02-21,Disputed
INV00574,CT0081,2024-03-07,2024-04-21,20905,0,,Overdue
INV00575,CT0081,2025-01-02,2025-02-10,41426,0,,Outstanding
INV00576,CT0081,2025-04-26,2025-05-22,28245,0,,Overdue
INV00577,CT0082,2024-11-13,2024-12-07,4031,0,,Outstanding
INV00578,CT0082,2025-10-07,2025-11-23,11480,5708,2025-10-07,Disputed
INV00579,CT0082,2025-10-06,2025-11-02,12088,0,,Outstanding
INV00580,CT0082,2024-10-03,2024-11-16,43583,0,,Overdue
INV00581,CT0082,2025-03-08,2025-04-03,7465,2967,2025-03-08,Disputed
INV00582,CT0082,2025-05-02,2025-06-07,1991,984,2025-05-02,Disputed
INV00583,CT0082,2025-10-14,2025-11-30,16018,16018,2025-10-28,Paid
INV00584,CT0082,2024-07-18,2024-08-13,37984,1973,2024-07-18,Disputed
INV00585,CT0082,2025-09-15,2025-10-31,17934,7248,2025-09-15,Disputed
INV00586,CT0082,2024-09-09,2024-10-09,26241,0,,Outstanding
INV00587,CT0082,2025-07-16,2025-08-31,12797,12797,2025-07-28,Paid
INV00588,CT0083,2024-01-03,2024-02-14,2927,2927,2024-01-20,Paid
INV00589,CT0083,2024-10-27,2024-11-30,21194,0,,Overdue
INV00590,CT0083,2024-08-03,2024-09-04,15031,15031,2024-08-08,Paid
INV00591,CT0084,2024-06-08,2024-07-04,43365,43365,2024-06-20,Paid
INV00592,CT0084,2025-10-11,2025-10-28,25557,0,,Outstanding
INV00593,CT0084,2025-10-28,2025-11-30,43737,0,,Overdue
INV00594,CT0084,2024-05-07,2024-05-28,11252,0,,Overdue
INV00595,CT0084,2025-04-16,2025-05-09,6469,6469,2025-04-16,Paid
INV00596,CT0084,2025-08-10,2025-09-14,42193,1595,2025-08-10,Disputed
INV00597,CT0084,2025-07-20,2025-08-31,36459,0,,Outstanding
INV00598,CT0084,2024-01-17,2024-02-13,48661,0,,Outstanding
INV00599,CT0084,2024-01-09,2024-02-20,6815,0,,Overdue
INV00600,CT0084,2025-10-11,2025-11-20,2011,2011,2025-10-24,Paid
INV00601,CT0085,2025-03-15,2025-04-23,21542,12421,2025-03-15,Disputed
INV00602,CT0085,2024-07-10,2024-08-22,38875,38875,2024-07-28,Paid
INV00603,CT0085,2025-02-25,2025-03-31,28620,0,,Outstanding
INV00604,CT0085,2024-11-21,2024-12-31,30728,0,,Overdue
INV00605,CT0086,2025-06-01,2025-07-12,34543,6951,2025-06-01,Disputed
INV00606,CT0086,2025-08-27,2025-09-30,5813,0,,Outstanding
INV00607,CT0086,2025-08-16,2025-09-21,45161,45161,2025-08-28,Paid
INV00608,CT0086,2025-12-26,2026-01-31,11133,0,,Overdue
INV00609,CT0086,2025-05-03,2025-05-28,15300,0,,Overdue
INV00610,CT0086,2024-02-28,2024-03-16,39741,0,,Overdue
INV00611,CT0086,2025-08-08,2025-09-02,10645,2401,2025-08-08,Disputed
INV00612,CT0086,2024-10-21,2024-11-30,34810,15551,2024-10-21,Disputed
INV00613,CT0087,2024-03-24,2024-04-30,31045,4089,2024-03-24,Disputed
INV00614,CT0087,2025-08-06,2025-09-17,37109,0,,Overdue
INV00615,CT0087,2024-02-20,2024-03-27,27018,0,,Overdue
INV00616,CT0087,2024-03-06,2024-04-06,1683,0,,Overdue
INV00617,CT0087,2024-05-25,2024-06-17,45947,0,,Overdue
INV00618,CT0087,2025-08-04,2025-09-18,16513,0,,Outstanding
INV00619,CT0087,2024-10-01,2024-11-16,27561,0,,Outstanding
INV00620,CT0087,2025-10-18,2025-11-15,22540,0,,Overdue
INV00621,CT0087,2025-05-12,2025-06-13,48073,5408,2025-05-12,Disputed
INV00622,CT0087,2024-10-01,2024-10-16,49948,0,,Outstanding
INV00623,CT0087,2024-05-19,2024-06-13,33078,5817,2024-05-19,Disputed
INV00624,CT0087,2024-11-16,2024-12-14,18344,18344,2024-11-21,Paid
INV00625,CT0088,2024-09-02,2024-09-18,41582,0,,Outstanding
INV00626,CT0088,2024-01-04,2024-02-03,43862,4865,2024-01-04,Disputed
INV00627,CT0088,2025-06-09,2025-07-20,2195,0,,Outstanding
INV00628,CT0088,2024-01-12,2024-02-16,44853,0,,Overdue
INV00629,CT0089,2025-10-25,2025-11-12,3011,1472,2025-10-25,Disputed
INV00630,CT0089,2025-09-08,2025-09-25,12866,756,2025-09-08,Disputed
INV00631,CT0089,2024-05-15,2024-06-03,9810,9810,2024-05-21,Paid
INV00632,CT0089,2024-11-03,2024-11-28,38730,7838,2024-11-03,Disputed
INV00633,CT0089,2025-05-10,2025-06-16,49194,17122,2025-05-10,Disputed
INV00634,CT0089,2025-09-15,2025-10-18,42443,0,,Overdue
INV00635,CT0089,2025-07-07,2025-07-28,12691,0,,Outstanding
INV00636,CT0089,2025-10-19,2025-11-30,18049,0,,Overdue
INV00637,CT0089,2025-07-07,2025-08-08,21563,0,,Outstanding
INV00638,CT0089,2025-08-13,2025-09-23,42197,0,,Outstanding
INV00639,CT0089,2024-02-17,2024-03-17,21348,1278,2024-02-17,Disputed
INV00640,CT0089,2024-12-13,2025-01-26,36681,0,,Overdue
INV00641,CT0090,2025-10-21,2025-11-30,2018,2018,2025-10-28,Paid
INV00642,CT0090,2025-02-19,2025-03-11,37628,6128,2025-02-19,Disputed
INV00643,CT0090,2024-12-03,2024-12-26,35624,0,,Outstanding
INV00644,CT0090,2025-11-08,2025-12-16,36863,0,,Overdue
INV00645,CT0090,2024-12-04,2024-12-20,23959,3244,2024-12-04,Disputed
INV00646,CT0090,2024-08-27,2024-09-28,46338,0,,Outstanding
INV00647,CT0090,2024-03-09,2024-03-26,40013,0,,Overdue
INV00648,CT0090,2025-11-24,2025-12-31,37159,4346,2025-11-24,Disputed
INV00649,CT0090,2025-10-25,2025-11-12,2402,0,,Outstanding
INV00650,CT0090,2025-12-10,2026-01-20,32339,32339,2025-12-23,Paid
INV00651,CT0090,2025-01-07,2025-02-05,16362,0,,Outstanding
INV00652,CT0091,2024-06-18,2024-07-19,31092,31092,2024-06-28,Paid
INV00653,CT0091,2024-07-07,2024-08-06,26236,8965,2024-07-07,Disputed
INV00654,CT0091,2024-09-09,2024-10-14,17120,17120,2024-09-22,Paid
INV00655,CT0092,2024-07-18,2024-08-09,26739,26739,2024-07-25,Paid
INV00656,CT0092,2024-11-03,2024-12-19,13985,13985,2024-11-18,Paid
INV00657,CT0092,2025-03-23,2025-04-14,18593,8915,2025-03-23,Disputed
INV00658,CT0092,2024-06-10,2024-07-16,38140,8573,2024-06-10,Disputed
INV00659,CT0092,2025-05-05,2025-05-27,3583,1951,2025-05-05,Disputed
INV00660,CT0092,2024-11-18,2024-12-15,38489,13063,2024-11-18,Disputed
INV00661,CT0092,2024-12-28,2025-01-31,42669,42669,2024-12-28,Paid
INV00662,CT0092,2025-10-02,2025-10-25,12320,0,,Overdue
INV00663,CT0092,2025-05-20,2025-06-11,4482,0,,Overdue
INV00664,CT0092,2024-07-05,2024-07-25,17905,10229,2024-07-05,Disputed
INV00665,CT0092,2025-03-15,2025-04-06,44672,22816,2025-03-15,Disputed
INV00666,CT0092,2025-02-28,2025-03-31,38916,0,,Outstanding
INV00667,CT0093,2025-12-03,2026-01-06,32997,0,,Outstanding
INV00668,CT0093,2025-12-24,2026-01-15,38303,0,,Overdue
INV00669,CT0093,2025-04-14,2025-05-22,41339,16281,2025-04-14,Disputed
INV00670,CT0093,2025-01-05,2025-01-26,26089,26089,2025-01-22,Paid
INV00671,CT0093,2025-12-25,2026-01-31,46772,46772,2025-12-28,Paid
INV00672,CT0093,2025-02-17,2025-03-17,29759,29759,2025-02-26,Paid
INV00673,CT0093,2025-10-17,2025-11-04,11259,11259,2025-10-18,Paid
INV00674,CT0093,2025-06-13,2025-07-17,1237,0,,Outstanding
INV00675,CT0093,2024-02-07,2024-02-25,30214,0,,Outstanding
INV00676,CT0094,2024-09-05,2024-10-17,41995,0,,Outstanding
INV00677,CT0094,2025-08-03,2025-08-27,31114,0,,Overdue
INV00678,CT0094,2024-10-19,2024-11-22,1224,0,,Overdue
INV00679,CT0095,2024-06-24,2024-07-14,28637,0,,Overdue
INV00680,CT0095,2025-01-10,2025-02-07,24273,24273,2025-01-16,Paid
INV00681,CT0095,2025-04-17,2025-05-04,48057,0,,Outstanding
INV00682,CT0095,2025-04-04,2025-05-20,29658,0,,Outstanding
INV00683,CT0095,2024-03-21,2024-04-24,24355,5142,2024-03-21,Disputed
INV00684,CT0095,2024-01-20,2024-02-13,2870,1474,2024-01-20,Disputed
INV00685,CT0095,2024-05-26,2024-06-28,46636,0,,Overdue
INV00686,CT0095,2024-06-03,2024-06-24,5438,5438,2024-06-21,Paid
INV00687,CT0095,2025-04-09,2025-05-07,48611,0,,Overdue
INV00688,CT0096,2025-11-08,2025-12-14,29585,0,,Overdue
INV00689,CT0096,2024-03-03,2024-04-10,21864,0,,Outstanding
INV00690,CT0096,2024-11-02,2024-12-10,14056,14056,2024-11-09,Paid
INV00691,CT0096,2025-08-10,2025-09-11,22886,22886,2025-08-27,Paid
INV00692,CT0096,2025-01-16,2025-02-28,48806,0,,Overdue
INV00693,CT0096,2024-05-22,2024-06-17,37208,37208,2024-05-28,Paid
INV00694,CT0096,2024-04-26,2024-05-31,46655,0,,Outstanding
INV00695,CT0096,2024-01-23,2024-02-29,32258,10372,2024-01-23,Disputed
INV00696,CT0096,2025-07-19,2025-08-10,31126,31126,2025-07-20,Paid
INV00697,CT0096,2025-09-14,2025-10-17,33830,19681,2025-09-14,Disputed
INV00698,CT0097,2025-04-26,2025-05-26,39834,0,,Outstanding
INV00699,CT0097,2025-11-17,2025-12-09,2979,0,,Outstanding
INV00700,CT0097,2025-10-11,2025-11-14,33845,12905,2025-10-11,Disputed
INV00701,CT0097,2025-11-08,2025-11-28,17485,5917,2025-11-08,Disputed
INV00702,CT0097,2024-03-12,2024-04-13,8424,8424,2024-03-24,Paid
INV00703,CT0097,2024-07-22,2024-08-24,22343,11431,2024-07-22,Disputed
INV00704,CT0097,2025-12-05,2025-12-26,48228,48228,2025-12-06,Paid
INV00705,CT0097,2024-08-19,2024-09-13,1990,1990,2024-08-28,Paid
INV00706,CT0098,2024-08-24,2024-09-30,28072,0,,Overdue
INV00707,CT0098,2024-03-21,2024-04-20,35196,35196,2024-03-28,Paid
INV00708,CT0098,2024-09-17,2024-10-30,32903,32903,2024-09-26,Paid
INV00709,CT0098,2025-10-17,2025-11-25,5695,0,,Overdue
INV00710,CT0098,2024-10-02,2024-10-22,17305,17305,2024-10-12,Paid
INV00711,CT0098,2024-12-07,2025-01-19,41105,0,,Outstanding
INV00712,CT0098,2024-12-01,2024-12-19,12895,0,,Outstanding
INV00713,CT0098,2024-12-18,2025-01-17,38156,0,,Overdue
INV00714,CT0098,2025-09-23,2025-10-31,14145,0,,Overdue
INV00715,CT0098,2024-06-25,2024-07-31,47817,47817,2024-06-28,Paid
INV00716,CT0099,2025-05-24,2025-06-11,43779,0,,Overdue
INV00717,CT0099,2024-06-20,2024-07-20,34654,0,,Outstanding
INV00718,CT0099,2024-07-14,2024-08-29,48199,0,,Overdue
INV00719,CT0099,2024-09-06,2024-10-08,44582,0,,Outstanding
INV00720,CT0099,2025-11-10,2025-12-20,12822,0,,Outstanding
INV00721,CT0099,2024-05-20,2024-06-27,18326,0,,Overdue
INV00722,CT0100,2024-09-15,2024-10-20,28747,28747,2024-09-19,Paid
INV00723,CT0100,2024-06-07,2024-07-23,15700,15700,2024-06-25,Paid
INV00724,CT0100,2025-07-09,2025-08-06,24406,6613,2025-07-09,Disputed
INV00725,CT0100,2024-08-06,2024-08-27,11536,11536,2024-08-06,Paid
INV00726,CT0100,2024-09-03,2024-10-17,26064,0,,Outstanding
INV00727,CT0100,2025-10-05,2025-11-05,33157,11825,2025-10-05,Disputed
INV00728,CT0100,2025-11-17,2025-12-09,3815,656,2025-11-17,Disputed
INV00729,CT0101,2025-10-27,2025-11-27,34862,17500,2025-10-27,Disputed
INV00730,CT0101,2025-07-12,2025-08-13,42572,0,,Outstanding
INV00731,CT0101,2024-04-03,2024-04-18,46175,46175,2024-04-08,Paid
INV00732,CT0101,2024-01-06,2024-02-21,35931,0,,Outstanding
INV00733,CT0101,2024-11-17,2024-12-16,12679,0,,Overdue
INV00734,CT0101,2025-07-23,2025-08-31,25184,0,,Overdue
INV00735,CT0101,2024-09-03,2024-10-01,46380,3245,2024-09-03,Disputed
INV00736,CT0101,2024-02-01,2024-03-09,5438,1560,2024-02-01,Disputed
INV00737,CT0101,2025-12-24,2026-01-31,25251,25251,2025-12-28,Paid
INV00738,CT0101,2024-08-15,2024-09-30,44673,44673,2024-08-28,Paid
INV00739,CT0101,2024-08-12,2024-09-04,22261,1167,2024-08-12,Disputed
INV00740,CT0102,2025-03-08,2025-04-17,9425,9425,2025-03-18,Paid
INV00741,CT0102,2024-11-16,2024-12-20,41961,0,,Outstanding
INV00742,CT0102,2024-02-04,2024-02-19,29340,0,,Overdue
INV00743,CT0102,2024-03-02,2024-03-23,26185,3774,2024-03-02,Disputed
INV00744,CT0103,2024-02-09,2024-03-13,35076,0,,Overdue
INV00745,CT0103,2024-02-06,2024-03-10,47619,0,,Outstanding
INV00746,CT0103,2024-01-14,2024-02-25,48220,0,,Overdue
INV00747,CT0103,2025-03-25,2025-04-19,10678,675,2025-03-25,Disputed
INV00748,CT0103,2024-04-19,2024-05-10,23736,0,,Outstanding
INV00749,CT0103,2025-08-25,2025-09-24,38284,0,,Overdue
INV00750,CT0103,2024-06-20,2024-07-18,15031,15031,2024-06-22,Paid
INV00751,CT0103,2025-02-06,2025-02-23,7824,0,,Outstanding
INV00752,CT0103,2024-09-10,2024-10-11,11618,11618,2024-09-23,Paid
INV00753,CT0103,2025-01-12,2025-02-12,2782,0,,Overdue
INV00754,CT0103,2025-10-25,2025-11-23,25370,0,,Overdue
INV00755,CT0104,2025-02-24,2025-03-20,33912,33912,2025-02-28,Paid
INV00756,CT0104,2024-11-04,2024-11-22,49796,0,,Outstanding
INV00757,CT0104,2025-08-02,2025-09-01,31124,0,,Outstanding
INV00758,CT0104,2024-05-25,2024-06-29,24890,0,,Overdue
INV00759,CT0104,2024-09-05,2024-09-24,25685,2332,2024-09-05,Disputed
INV00760,CT0104,2024-07-28,2024-08-31,19326,19326,2024-07-28,Paid
INV00761,CT0104,2024-02-11,2024-02-28,44292,0,,Outstanding
INV00762,CT0104,2024-12-22,2025-01-31,35508,3759,2024-12-22,Disputed
INV00763,CT0104,2024-01-07,2024-02-08,37831,0,,Outstanding
INV00764,CT0105,2024-03-11,2024-04-07,12401,0,,Outstanding
INV00765,CT0105,2024-06-03,2024-07-01,3335,1230,2024-06-03,Disputed
INV00766,CT0105,2024-04-14,2024-05-27,21685,0,,Outstanding
INV00767,CT0105,2024-05-05,2024-06-17,7292,0,,Overdue
INV00768,CT0105,2025-08-24,2025-09-21,45980,37,2025-08-24,Disputed
INV00769,CT0105,2025-07-03,2025-08-11,47327,0,,Outstanding
INV00770,CT0105,2024-10-12,2024-11-16,31784,31784,2024-10-21,Paid
INV00771,CT0105,2025-12-09,2026-01-15,33853,10938,2025-12-09,Disputed
INV00772,CT0105,2025-03-02,2025-04-18,27299,27299,2025-03-06,Paid
INV00773,CT0106,2025-09-01,2025-09-27,4238,0,,Outstanding
INV00774,CT0106,2025-01-02,2025-02-08,2416,0,,Overdue
INV00775,CT0106,2024-02-27,2024-03-31,39499,6271,2024-02-27,Disputed
INV00776,CT0106,2024-05-03,2024-06-13,27419,0,,Overdue
INV00777,CT0106,2025-02-05,2025-03-08,16362,0,,Overdue
INV00778,CT0106,2024-05-05,2024-05-20,43671,24538,2024-05-05,Disputed
INV00779,CT0106,2024-09-23,2024-10-12,25564,25564,2024-09-26,Paid
INV00780,CT0106,2025-05-22,2025-06-30,26724,26724,2025-05-23,Paid
INV00781,CT0106,2024-08-20,2024-09-22,20561,0,,Outstanding
INV00782,CT0106,2024-07-05,2024-07-28,3439,0,,Outstanding
INV00783,CT0106,2024-09-20,2024-10-14,38220,20632,2024-09-20,Disputed
