record_id,contract_id,period,billed_amount,recognized_revenue,wip_amount,sox_compliant_flag,audit_flag
RW00001,CT0001,2025-01,9365,9178,622,Y,Clear
RW00002,CT0001,2025-02,9977,9552,835,Y,Clear
RW00003,CT0001,2025-03,8770,8685,442,Y,Clear
RW00004,CT0001,2025-04,9738,9735,368,Y,Clear
RW00005,CT0001,2025-05,10747,10140,1007,Y,Clear
RW00006,CT0001,2025-06,8539,8498,64,Y,Clear
RW00007,CT0001,2025-07,8791,8486,665,Y,Clear
RW00008,CT0001,2025-08,10742,10142,1047,Y,Clear
RW00009,CT0001,2025-09,10576,10105,471,Y,Clear
RW00010,CT0001,2025-10,9612,9305,639,N,Flagged
RW00011,CT0001,2025-11,10262,9675,834,Y,Clear
RW00012,CT0001,2025-12,10604,10192,892,Y,Clear
RW00013,CT0002,2025-01,9202,8869,700,Y,Flagged
RW00014,CT0002,2025-02,7580,6867,720,Y,Clear
RW00015,CT0002,2025-03,8261,7556,984,Y,Clear
RW00016,CT0002,2025-04,10126,10082,535,Y,Clear
RW00017,CT0002,2025-05,9146,8415,921,Y,Clear
RW00018,CT0002,2025-06,9343,8993,715,Y,Clear
RW00019,CT0002,2025-07,9961,9929,219,Y,Clear
RW00020,CT0002,2025-08,7677,7525,493,Y,Clear
RW00021,CT0002,2025-09,7994,7480,647,Y,Clear
RW00022,CT0002,2025-10,8189,7984,550,Y,Clear
RW00023,CT0002,2025-11,7956,7292,1158,Y,Clear
RW00024,CT0002,2025-12,7668,7591,157,Y,Clear
RW00025,CT0003,2025-01,12213,11562,702,Y,Clear
RW00026,CT0003,2025-02,14488,13787,960,Y,Clear
RW00027,CT0003,2025-03,13657,13301,611,Y,Clear
RW00028,CT0003,2025-04,14662,14051,1016,Y,Clear
RW00029,CT0003,2025-05,12703,12378,778,Y,Clear
RW00030,CT0003,2025-06,13960,13324,741,Y,Clear
RW00031,CT0003,2025-07,14072,13283,799,Y,Flagged
RW00032,CT0003,2025-08,14583,14290,516,Y,Clear
RW00033,CT0003,2025-09,12201,12154,466,Y,Clear
RW00034,CT0003,2025-10,13746,13085,835,Y,Clear
RW00035,CT0003,2025-11,13200,13033,651,Y,Clear
RW00036,CT0003,2025-12,13254,13090,464,Y,Clear
RW00037,CT0004,2025-01,14261,13921,369,Y,Clear
RW00038,CT0004,2025-02,14564,14344,345,Y,Clear
RW00039,CT0004,2025-03,14235,13619,813,Y,Clear
RW00040,CT0004,2025-04,11983,11632,518,Y,Clear
RW00041,CT0004,2025-05,12593,12485,476,Y,Clear
RW00042,CT0004,2025-06,12730,12118,622,Y,Clear
RW00043,CT0004,2025-07,12004,11502,756,Y,Clear
RW00044,CT0004,2025-08,12981,12965,214,Y,Clear
RW00045,CT0004,2025-09,12763,12670,286,Y,Clear
RW00046,CT0004,2025-10,13365,12737,647,Y,Clear
RW00047,CT0004,2025-11,12515,12285,320,Y,Clear
RW00048,CT0004,2025-12,14287,14191,182,Y,Clear
RW00049,CT0005,2025-01,18987,18206,1232,N,Flagged
RW00050,CT0005,2025-02,17544,17381,207,Y,Clear
RW00051,CT0005,2025-03,19806,19450,664,Y,Clear
RW00052,CT0005,2025-04,18647,18628,329,N,Flagged
RW00053,CT0005,2025-05,19081,18477,782,Y,Clear
RW00054,CT0005,2025-06,18562,18114,641,Y,Clear
RW00055,CT0005,2025-07,17927,17693,484,Y,Clear
RW00056,CT0005,2025-08,19691,19490,265,Y,Clear
RW00057,CT0005,2025-09,18544,18195,390,Y,Clear
RW00058,CT0005,2025-10,19675,19538,380,Y,Clear
RW00059,CT0005,2025-11,19372,18701,1159,Y,Clear
RW00060,CT0005,2025-12,17190,16715,640,Y,Clear
RW00061,CT0006,2025-01,5741,5050,785,Y,Clear
RW00062,CT0006,2025-02,4781,4105,971,Y,Clear
RW00063,CT0006,2025-03,4389,4023,861,Y,Clear
RW00064,CT0006,2025-04,4897,4257,985,Y,Clear
RW00065,CT0006,2025-05,7243,6486,814,Y,Clear
RW00066,CT0006,2025-06,4444,4444,256,Y,Clear
RW00067,CT0006,2025-07,6743,6561,423,Y,Clear
RW00068,CT0006,2025-08,5178,4833,555,Y,Clear
RW00069,CT0006,2025-09,5313,4700,955,Y,Clear
RW00070,CT0006,2025-10,7253,7157,192,Y,Clear
RW00071,CT0006,2025-11,6315,5609,966,Y,Clear
RW00072,CT0006,2025-12,6933,6627,519,N,Flagged
RW00073,CT0007,2025-01,3764,3579,227,Y,Clear
RW00074,CT0007,2025-02,2647,2465,352,N,Flagged
RW00075,CT0007,2025-03,3842,3454,776,Y,Clear
RW00076,CT0007,2025-04,1125,858,590,Y,Clear
RW00077,CT0007,2025-05,3120,2662,881,Y,Clear
RW00078,CT0007,2025-06,1662,1569,119,Y,Clear
RW00079,CT0007,2025-07,1934,1773,200,Y,Clear
RW00080,CT0007,2025-08,893,313,670,Y,Clear
RW00081,CT0007,2025-09,1899,1508,577,Y,Clear
RW00082,CT0007,2025-10,3345,3064,474,Y,Clear
RW00083,CT0007,2025-11,2127,1774,583,Y,Clear
RW00084,CT0007,2025-12,1206,634,876,Y,Clear
RW00085,CT0008,2025-01,10669,10594,303,N,Flagged
RW00086,CT0008,2025-02,10228,9629,759,Y,Clear
RW00087,CT0008,2025-03,10244,10127,196,Y,Clear
RW00088,CT0008,2025-04,11401,11203,331,Y,Clear
RW00089,CT0008,2025-05,11651,11036,1053,Y,Clear
RW00090,CT0008,2025-06,10660,9874,948,Y,Clear
RW00091,CT0008,2025-07,12827,12649,517,Y,Clear
RW00092,CT0008,2025-08,12873,12729,345,Y,Clear
RW00093,CT0008,2025-09,9919,9905,490,Y,Clear
RW00094,CT0008,2025-10,12011,11256,841,Y,Clear
RW00095,CT0008,2025-11,11962,11329,1119,Y,Clear
RW00096,CT0008,2025-12,10199,9479,868,Y,Clear
RW00097,CT0009,2025-01,15709,15114,812,Y,Clear
RW00098,CT0009,2025-02,14802,14224,632,Y,Clear
RW00099,CT0009,2025-03,14547,13753,1122,Y,Clear
RW00100,CT0009,2025-04,14456,14223,646,Y,Clear
RW00101,CT0009,2025-05,16394,15936,800,Y,Clear
RW00102,CT0009,2025-06,15713,14991,1022,Y,Clear
RW00103,CT0009,2025-07,15410,14993,913,Y,Clear
RW00104,CT0009,2025-08,14806,14123,921,Y,Clear
RW00105,CT0009,2025-09,15137,14770,519,Y,Clear
RW00106,CT0009,2025-10,16485,16309,348,N,Flagged
RW00107,CT0009,2025-11,15254,14915,343,Y,Clear
RW00108,CT0009,2025-12,15376,15054,652,Y,Clear
RW00109,CT0010,2025-01,17449,16940,1006,Y,Clear
RW00110,CT0010,2025-02,18104,17308,1113,Y,Clear
RW00111,CT0010,2025-03,15496,15322,498,Y,Clear
RW00112,CT0010,2025-04,17631,17181,654,Y,Clear
RW00113,CT0010,2025-05,16836,16779,444,Y,Clear
RW00114,CT0010,2025-06,16640,16242,737,Y,Clear
RW00115,CT0010,2025-07,17407,17391,53,Y,Clear
RW00116,CT0010,2025-08,17601,17441,461,Y,Clear
RW00117,CT0010,2025-09,17645,17194,916,Y,Clear
RW00118,CT0010,2025-10,15313,14577,743,Y,Clear
RW00119,CT0010,2025-11,16549,15873,730,Y,Clear
RW00120,CT0010,2025-12,17156,16832,658,Y,Clear
RW00121,CT0011,2025-01,9385,8854,746,Y,Clear
RW00122,CT0011,2025-02,8390,8358,364,Y,Clear
RW00123,CT0011,2025-03,8308,8261,519,Y,Clear
RW00124,CT0011,2025-04,9303,8970,647,Y,Clear
RW00125,CT0011,2025-05,9585,9207,748,Y,Clear
RW00126,CT0011,2025-06,8328,7916,555,Y,Clear
RW00127,CT0011,2025-07,8879,8842,45,Y,Clear
RW00128,CT0011,2025-08,10249,9703,635,Y,Clear
RW00129,CT0011,2025-09,8623,7907,969,Y,Clear
RW00130,CT0011,2025-10,9602,9018,602,Y,Clear
RW00131,CT0011,2025-11,9816,9801,205,Y,Flagged
RW00132,CT0011,2025-12,7761,7092,944,Y,Clear
RW00133,CT0012,2025-01,19062,18911,231,Y,Clear
RW00134,CT0012,2025-02,16860,16325,1030,Y,Clear
RW00135,CT0012,2025-03,17510,16761,1091,Y,Clear
RW00136,CT0012,2025-04,18368,17806,696,Y,Clear
RW00137,CT0012,2025-05,17527,16915,787,N,Flagged
RW00138,CT0012,2025-06,17582,17138,856,Y,Flagged
RW00139,CT0012,2025-07,18054,17618,762,Y,Clear
RW00140,CT0012,2025-08,19569,18827,885,Y,Clear
RW00141,CT0012,2025-09,19303,18869,888,Y,Clear
RW00142,CT0012,2025-10,19699,19409,674,Y,Clear
RW00143,CT0012,2025-11,18978,18765,359,Y,Clear
RW00144,CT0012,2025-12,18207,17870,768,Y,Clear
RW00145,CT0013,2025-01,12529,12221,707,Y,Clear
RW00146,CT0013,2025-02,12837,12485,731,Y,Clear
RW00147,CT0013,2025-03,14956,14939,409,Y,Clear
RW00148,CT0013,2025-04,14928,14181,1159,Y,Clear
RW00149,CT0013,2025-05,12615,12119,744,Y,Clear
RW00150,CT0013,2025-06,13153,12982,479,Y,Clear
RW00151,CT0013,2025-07,12634,12353,342,Y,Clear
RW00152,CT0013,2025-08,14735,14279,831,Y,Clear
RW00153,CT0013,2025-09,14496,13730,1115,Y,Clear
RW00154,CT0013,2025-10,14348,14221,584,Y,Clear
RW00155,CT0013,2025-11,13083,12980,173,Y,Clear
RW00156,CT0013,2025-12,15005,14500,836,Y,Clear
RW00157,CT0014,2025-01,5535,4862,974,Y,Clear
RW00158,CT0014,2025-02,6790,6103,708,Y,Clear
RW00159,CT0014,2025-03,7819,7422,695,Y,Clear
RW00160,CT0014,2025-04,5046,4358,946,Y,Flagged
RW00161,CT0014,2025-05,6572,6245,600,Y,Flagged
RW00162,CT0014,2025-06,5355,4994,448,Y,Clear
RW00163,CT0014,2025-07,7168,7162,259,Y,Clear
RW00164,CT0014,2025-08,7946,7818,511,Y,Clear
RW00165,CT0014,2025-09,5568,5234,420,Y,Clear
RW00166,CT0014,2025-10,5860,5120,1159,Y,Clear
RW00167,CT0014,2025-11,7592,6810,1172,Y,Clear
RW00168,CT0014,2025-12,7581,7554,140,Y,Clear
RW00169,CT0015,2025-01,17291,16917,683,Y,Clear
RW00170,CT0015,2025-02,19297,18527,1255,Y,Clear
RW00171,CT0015,2025-03,18092,17433,778,Y,Clear
RW00172,CT0015,2025-04,19364,19118,253,Y,Clear
RW00173,CT0015,2025-05,17384,17091,686,Y,Clear
RW00174,CT0015,2025-06,18738,18324,909,N,Flagged
RW00175,CT0015,2025-07,19002,18378,929,Y,Clear
RW00176,CT0015,2025-08,19526,19011,670,Y,Clear
RW00177,CT0015,2025-09,18287,17977,464,Y,Clear
RW00178,CT0015,2025-10,18305,17583,742,Y,Clear
RW00179,CT0015,2025-11,18951,18584,665,Y,Clear
RW00180,CT0015,2025-12,18519,17893,849,Y,Clear
RW00181,CT0016,2025-01,18120,17564,1005,Y,Clear
RW00182,CT0016,2025-02,17705,17124,1007,Y,Clear
RW00183,CT0016,2025-03,17397,16967,528,Y,Clear
RW00184,CT0016,2025-04,18589,18232,551,Y,Clear
RW00185,CT0016,2025-05,17727,17326,467,Y,Clear
RW00186,CT0016,2025-06,16509,16212,600,Y,Clear
RW00187,CT0016,2025-07,17269,16662,720,Y,Clear
RW00188,CT0016,2025-08,18241,17552,812,Y,Clear
RW00189,CT0016,2025-09,18147,17719,909,Y,Clear
RW00190,CT0016,2025-10,17771,17369,785,Y,Clear
RW00191,CT0016,2025-11,16230,16127,348,Y,Clear
RW00192,CT0016,2025-12,17167,16948,437,Y,Clear
RW00193,CT0017,2025-01,1885,1694,412,Y,Clear
RW00194,CT0017,2025-02,1407,1053,552,Y,Clear
RW00195,CT0017,2025-03,2139,2085,490,Y,Clear
RW00196,CT0017,2025-04,3099,2893,548,Y,Clear
RW00197,CT0017,2025-05,2899,2561,588,Y,Clear
RW00198,CT0017,2025-06,3905,3195,816,Y,Clear
RW00199,CT0017,2025-07,3508,2746,904,Y,Clear
RW00200,CT0017,2025-08,3247,2502,1149,Y,Clear
RW00201,CT0017,2025-09,2208,1715,821,Y,Clear
RW00202,CT0017,2025-10,3917,3830,165,Y,Clear
RW00203,CT0017,2025-11,1175,993,192,Y,Clear
RW00204,CT0017,2025-12,2788,2288,956,Y,Clear
RW00205,CT0018,2025-01,14751,14342,792,Y,Clear
RW00206,CT0018,2025-02,14531,13764,1135,Y,Clear
RW00207,CT0018,2025-03,12739,12490,730,Y,Clear
RW00208,CT0018,2025-04,14082,13989,280,Y,Clear
RW00209,CT0018,2025-05,12465,12293,452,Y,Clear
RW00210,CT0018,2025-06,12923,12530,750,Y,Clear
RW00211,CT0018,2025-07,13000,12540,491,Y,Clear
RW00212,CT0018,2025-08,12773,12201,925,Y,Clear
RW00213,CT0018,2025-09,12976,12834,564,Y,Clear
RW00214,CT0018,2025-10,12179,11729,927,Y,Clear
RW00215,CT0018,2025-11,13313,12680,1040,Y,Clear
RW00216,CT0018,2025-12,12233,12101,326,Y,Clear
RW00217,CT0019,2025-01,9800,9733,496,Y,Clear
RW00218,CT0019,2025-02,11070,10786,596,Y,Clear
RW00219,CT0019,2025-03,9500,9340,212,Y,Clear
RW00220,CT0019,2025-04,10687,10543,615,Y,Clear
RW00221,CT0019,2025-05,12104,12051,55,Y,Clear
RW00222,CT0019,2025-06,9994,9276,962,Y,Clear
RW00223,CT0019,2025-07,10502,10013,842,Y,Clear
RW00224,CT0019,2025-08,9321,8804,642,Y,Clear
RW00225,CT0019,2025-09,10608,10235,448,Y,Clear
RW00226,CT0019,2025-10,10450,10393,517,Y,Clear
RW00227,CT0019,2025-11,9187,8699,979,Y,Clear
RW00228,CT0019,2025-12,10785,10428,747,Y,Clear
RW00229,CT0020,2025-01,16869,16177,871,Y,Clear
RW00230,CT0020,2025-02,18311,17546,796,Y,Clear
RW00231,CT0020,2025-03,16674,16499,383,Y,Clear
RW00232,CT0020,2025-04,18342,18022,587,Y,Flagged
RW00233,CT0020,2025-05,18333,17989,421,Y,Clear
RW00234,CT0020,2025-06,17029,16596,676,Y,Clear
RW00235,CT0020,2025-07,16098,15704,683,Y,Clear
RW00236,CT0020,2025-08,18547,17839,1136,Y,Clear
RW00237,CT0020,2025-09,16203,15929,393,Y,Clear
RW00238,CT0020,2025-10,16702,16023,920,Y,Clear
RW00239,CT0020,2025-11,17713,17631,157,Y,Clear
RW00240,CT0020,2025-12,16691,16071,1009,Y,Clear
RW00241,CT0021,2025-01,4527,4185,665,Y,Clear
RW00242,CT0021,2025-02,4269,3793,820,Y,Clear
RW00243,CT0021,2025-03,5356,4899,941,Y,Clear
RW00244,CT0021,2025-04,5946,5356,731,Y,Clear
RW00245,CT0021,2025-05,6134,5593,1014,Y,Clear
RW00246,CT0021,2025-06,6662,6645,108,Y,Clear
RW00247,CT0021,2025-07,5207,4979,589,Y,Clear
RW00248,CT0021,2025-08,5031,4478,564,Y,Clear
RW00249,CT0021,2025-09,3975,3403,939,Y,Clear
RW00250,CT0021,2025-10,4283,4224,142,Y,Clear
RW00251,CT0021,2025-11,5807,5665,205,N,Flagged
RW00252,CT0021,2025-12,5336,4682,717,Y,Clear
RW00253,CT0022,2025-01,10480,10475,425,Y,Clear
RW00254,CT0022,2025-02,11347,10888,742,Y,Clear
RW00255,CT0022,2025-03,12895,12322,777,Y,Clear
RW00256,CT0022,2025-04,11987,11290,790,Y,Clear
RW00257,CT0022,2025-05,10354,9844,797,Y,Clear
RW00258,CT0022,2025-06,12987,12716,759,Y,Clear
RW00259,CT0022,2025-07,12376,11670,1045,Y,Clear
RW00260,CT0022,2025-08,12802,12438,846,Y,Clear
RW00261,CT0022,2025-09,12820,12393,777,Y,Clear
RW00262,CT0022,2025-10,11920,11873,379,Y,Clear
RW00263,CT0022,2025-11,10739,10557,569,Y,Clear
RW00264,CT0022,2025-12,10200,9627,737,Y,Clear
RW00265,CT0023,2025-01,9558,8940,1039,Y,Flagged
RW00266,CT0023,2025-02,12175,11982,269,Y,Clear
RW00267,CT0023,2025-03,9692,9240,883,Y,Clear
RW00268,CT0023,2025-04,11196,10622,731,Y,Clear
RW00269,CT0023,2025-05,9840,9117,758,Y,Clear
RW00270,CT0023,2025-06,11346,10548,1141,N,Flagged
RW00271,CT0023,2025-07,9831,9478,613,Y,Clear
RW00272,CT0023,2025-08,9466,9369,328,Y,Clear
RW00273,CT0023,2025-09,11023,10398,678,Y,Clear
RW00274,CT0023,2025-10,11028,10360,1065,Y,Clear
RW00275,CT0023,2025-11,11386,11238,164,Y,Clear
RW00276,CT0023,2025-12,9897,9570,704,Y,Clear
RW00277,CT0024,2025-01,8057,7422,734,N,Flagged
RW00278,CT0024,2025-02,9202,8484,1129,Y,Clear
RW00279,CT0024,2025-03,10300,9969,518,Y,Clear
RW00280,CT0024,2025-04,9556,9173,666,Y,Clear
RW00281,CT0024,2025-05,8234,8006,515,Y,Clear
RW00282,CT0024,2025-06,8093,8091,265,Y,Clear
RW00283,CT0024,2025-07,8784,8160,927,Y,Clear
RW00284,CT0024,2025-08,8859,8221,964,Y,Clear
RW00285,CT0024,2025-09,7878,7376,602,Y,Clear
RW00286,CT0024,2025-10,10444,10001,774,Y,Clear
RW00287,CT0024,2025-11,9369,9102,735,Y,Clear
RW00288,CT0024,2025-12,9030,8649,427,N,Flagged
RW00289,CT0025,2025-01,6535,5783,1146,Y,Clear
RW00290,CT0025,2025-02,4252,4092,457,Y,Clear
RW00291,CT0025,2025-03,5480,4996,681,N,Flagged
RW00292,CT0025,2025-04,5492,5188,316,Y,Clear
RW00293,CT0025,2025-05,6186,5505,823,Y,Clear
RW00294,CT0025,2025-06,4315,3968,519,Y,Clear
RW00295,CT0025,2025-07,4597,3937,967,Y,Clear
RW00296,CT0025,2025-08,5743,5619,146,Y,Clear
RW00297,CT0025,2025-09,5663,5065,979,Y,Clear
RW00298,CT0025,2025-10,4005,3873,423,Y,Clear
RW00299,CT0025,2025-11,3986,3691,471,Y,Clear
RW00300,CT0025,2025-12,4496,3745,1149,Y,Clear
RW00301,CT0026,2025-01,20552,19928,887,Y,Clear
RW00302,CT0026,2025-02,19500,19391,317,Y,Flagged
RW00303,CT0026,2025-03,19830,19642,490,Y,Clear
RW00304,CT0026,2025-04,18936,18478,842,Y,Clear
RW00305,CT0026,2025-05,18839,18759,142,Y,Clear
RW00306,CT0026,2025-06,18812,18623,204,N,Flagged
RW00307,CT0026,2025-07,19458,19225,245,Y,Clear
RW00308,CT0026,2025-08,20783,20257,568,Y,Clear
RW00309,CT0026,2025-09,19409,19009,581,Y,Clear
RW00310,CT0026,2025-10,18801,18481,813,Y,Clear
RW00311,CT0026,2025-11,20081,19433,689,Y,Clear
RW00312,CT0026,2025-12,19983,19573,822,Y,Clear
RW00313,CT0027,2025-01,12068,11826,573,Y,Clear
RW00314,CT0027,2025-02,12115,11674,935,Y,Clear
RW00315,CT0027,2025-03,10817,10232,993,Y,Clear
RW00316,CT0027,2025-04,9523,9162,410,Y,Clear
RW00317,CT0027,2025-05,12262,11851,899,Y,Clear
RW00318,CT0027,2025-06,10773,10140,867,Y,Clear
RW00319,CT0027,2025-07,10981,10482,520,Y,Clear
RW00320,CT0027,2025-08,9913,9387,710,Y,Clear
RW00321,CT0027,2025-09,10603,10301,433,Y,Clear
RW00322,CT0027,2025-10,12204,12079,280,Y,Clear
RW00323,CT0027,2025-11,11356,11233,520,Y,Clear
RW00324,CT0027,2025-12,10022,9671,522,Y,Clear
RW00325,CT0028,2025-01,1540,751,974,Y,Clear
RW00326,CT0028,2025-02,2724,2456,674,Y,Clear
RW00327,CT0028,2025-03,2387,1952,725,N,Flagged
RW00328,CT0028,2025-04,2735,2652,178,Y,Flagged
RW00329,CT0028,2025-05,1253,1214,322,Y,Clear
RW00330,CT0028,2025-06,2116,1722,847,Y,Clear
RW00331,CT0028,2025-07,1700,1226,883,Y,Clear
RW00332,CT0028,2025-08,3679,3255,917,Y,Clear
RW00333,CT0028,2025-09,2518,1981,1007,N,Flagged
RW00334,CT0028,2025-10,3568,2828,876,Y,Clear
RW00335,CT0028,2025-11,3568,2818,750,Y,Clear
RW00336,CT0028,2025-12,1048,867,258,Y,Clear
RW00337,CT0029,2025-01,18100,17775,561,Y,Clear
RW00338,CT0029,2025-02,16280,16174,328,Y,Clear
RW00339,CT0029,2025-03,15747,15696,77,Y,Clear
RW00340,CT0029,2025-04,17051,16533,997,Y,Clear
RW00341,CT0029,2025-05,17758,17380,389,Y,Clear
RW00342,CT0029,2025-06,16036,15727,700,Y,Clear
RW00343,CT0029,2025-07,16423,16186,714,Y,Clear
RW00344,CT0029,2025-08,17839,17723,275,Y,Clear
RW00345,CT0029,2025-09,16443,15903,882,Y,Clear
RW00346,CT0029,2025-10,18308,18255,540,Y,Clear
RW00347,CT0029,2025-11,18546,18248,676,Y,Clear
RW00348,CT0029,2025-12,17455,17226,296,Y,Clear
RW00349,CT0030,2025-01,5755,5183,933,Y,Clear
RW00350,CT0030,2025-02,5020,4741,483,Y,Clear
RW00351,CT0030,2025-03,3730,3470,634,Y,Clear
RW00352,CT0030,2025-04,5763,5185,983,Y,Clear
RW00353,CT0030,2025-05,3751,3333,575,Y,Clear
RW00354,CT0030,2025-06,4196,3890,487,Y,Clear
RW00355,CT0030,2025-07,4981,4574,748,Y,Clear
RW00356,CT0030,2025-08,3791,3700,387,Y,Clear
RW00357,CT0030,2025-09,4577,3887,1140,Y,Clear
RW00358,CT0030,2025-10,4448,3854,830,Y,Clear
RW00359,CT0030,2025-11,5870,5692,432,Y,Flagged
RW00360,CT0030,2025-12,6053,5482,1066,Y,Clear
RW00361,CT0031,2025-01,6659,6253,816,Y,Clear
RW00362,CT0031,2025-02,6588,6512,575,Y,Clear
RW00363,CT0031,2025-03,6239,6067,199,Y,Clear
RW00364,CT0031,2025-04,5798,5474,490,N,Flagged
RW00365,CT0031,2025-05,5734,5543,416,Y,Clear
RW00366,CT0031,2025-06,4371,4021,406,N,Flagged
RW00367,CT0031,2025-07,4443,4229,562,Y,Clear
RW00368,CT0031,2025-08,5372,5008,387,Y,Clear
RW00369,CT0031,2025-09,7063,6863,504,Y,Clear
RW00370,CT0031,2025-10,5598,4976,688,Y,Clear
RW00371,CT0031,2025-11,7258,6764,518,Y,Clear
RW00372,CT0031,2025-12,5915,5847,533,Y,Clear
RW00373,CT0032,2025-01,17983,17402,895,Y,Clear
RW00374,CT0032,2025-02,16681,16633,533,Y,Clear
RW00375,CT0032,2025-03,17546,17018,960,Y,Clear
RW00376,CT0032,2025-04,18056,17362,994,Y,Clear
RW00377,CT0032,2025-05,17532,16868,1122,Y,Clear
RW00378,CT0032,2025-06,17356,17001,755,Y,Clear
RW00379,CT0032,2025-07,19169,19005,479,Y,Clear
RW00380,CT0032,2025-08,16772,15987,1256,Y,Clear
RW00381,CT0032,2025-09,16822,16064,906,Y,Flagged
RW00382,CT0032,2025-10,19046,18841,582,Y,Flagged
RW00383,CT0032,2025-11,17835,17714,460,Y,Clear
RW00384,CT0032,2025-12,19246,19025,486,Y,Clear
RW00385,CT0033,2025-01,1954,1335,1114,Y,Clear
RW00386,CT0033,2025-02,1131,614,954,Y,Clear
RW00387,CT0033,2025-03,2006,1550,522,Y,Clear
RW00388,CT0033,2025-04,1198,661,563,Y,Clear
RW00389,CT0033,2025-05,1157,1144,344,Y,Clear
RW00390,CT0033,2025-06,1927,1366,699,Y,Clear
RW00391,CT0033,2025-07,1766,1741,37,Y,Clear
RW00392,CT0033,2025-08,2234,1869,655,Y,Clear
RW00393,CT0033,2025-09,3652,3533,280,Y,Clear
RW00394,CT0033,2025-10,1412,1266,485,Y,Clear
RW00395,CT0033,2025-11,2116,2069,78,Y,Clear
RW00396,CT0033,2025-12,3760,3201,889,Y,Clear
RW00397,CT0034,2025-01,10717,10688,205,Y,Clear
RW00398,CT0034,2025-02,8344,7695,745,Y,Clear
RW00399,CT0034,2025-03,8351,8112,730,Y,Clear
RW00400,CT0034,2025-04,9505,9366,486,Y,Clear
RW00401,CT0034,2025-05,9777,9764,366,Y,Clear
RW00402,CT0034,2025-06,10933,10414,554,Y,Clear
RW00403,CT0034,2025-07,8337,7889,892,Y,Clear
RW00404,CT0034,2025-08,9294,8779,951,Y,Clear
RW00405,CT0034,2025-09,8763,8316,913,Y,Clear
RW00406,CT0034,2025-10,9677,9442,454,Y,Clear
RW00407,CT0034,2025-11,8251,8241,218,Y,Clear
RW00408,CT0034,2025-12,10158,9803,788,Y,Clear
RW00409,CT0035,2025-01,10085,9992,501,Y,Clear
RW00410,CT0035,2025-02,11023,10868,264,N,Flagged
RW00411,CT0035,2025-03,9538,9340,520,Y,Clear
RW00412,CT0035,2025-04,10452,9871,945,Y,Clear
RW00413,CT0035,2025-05,11230,11136,240,Y,Clear
RW00414,CT0035,2025-06,9286,9023,375,Y,Clear
RW00415,CT0035,2025-07,11590,11520,392,Y,Clear
RW00416,CT0035,2025-08,11679,11125,646,Y,Clear
RW00417,CT0035,2025-09,9007,8827,317,Y,Clear
RW00418,CT0035,2025-10,10211,9963,662,Y,Clear
RW00419,CT0035,2025-11,9756,9112,1054,N,Flagged
RW00420,CT0035,2025-12,11120,10819,313,Y,Clear
RW00421,CT0036,2025-01,6148,5823,636,Y,Clear
RW00422,CT0036,2025-02,6581,6479,504,Y,Clear
RW00423,CT0036,2025-03,5908,5339,761,Y,Clear
RW00424,CT0036,2025-04,5811,5786,441,Y,Clear
RW00425,CT0036,2025-05,7341,6878,706,Y,Clear
RW00426,CT0036,2025-06,6004,5992,85,Y,Clear
RW00427,CT0036,2025-07,6460,6079,829,Y,Clear
RW00428,CT0036,2025-08,5757,5445,519,N,Flagged
RW00429,CT0036,2025-09,7247,7235,386,Y,Clear
RW00430,CT0036,2025-10,7164,6695,579,Y,Clear
RW00431,CT0036,2025-11,4936,4746,607,Y,Clear
RW00432,CT0036,2025-12,4944,4703,695,Y,Clear
RW00433,CT0037,2025-01,18645,18103,1028,Y,Clear
RW00434,CT0037,2025-02,19876,19341,652,Y,Clear
RW00435,CT0037,2025-03,18388,17602,885,N,Flagged
RW00436,CT0037,2025-04,18384,17835,1027,Y,Clear
RW00437,CT0037,2025-05,18631,18564,448,Y,Flagged
RW00438,CT0037,2025-06,18764,18366,878,Y,Clear
RW00439,CT0037,2025-07,20753,20536,470,Y,Clear
RW00440,CT0037,2025-08,19099,18502,735,Y,Clear
RW00441,CT0037,2025-09,20471,20009,944,Y,Clear
RW00442,CT0037,2025-10,18654,18650,343,Y,Clear
RW00443,CT0037,2025-11,20465,20397,351,Y,Clear
RW00444,CT0037,2025-12,20501,20227,478,N,Flagged
RW00445,CT0038,2025-01,7237,6705,1018,Y,Clear
RW00446,CT0038,2025-02,9124,9113,57,Y,Clear
RW00447,CT0038,2025-03,9007,8412,603,Y,Clear
RW00448,CT0038,2025-04,6482,6032,764,Y,Clear
RW00449,CT0038,2025-05,7035,6606,479,N,Flagged
RW00450,CT0038,2025-06,7955,7718,374,Y,Clear
RW00451,CT0038,2025-07,7148,6871,447,Y,Clear
RW00452,CT0038,2025-08,6631,6282,413,Y,Clear
RW00453,CT0038,2025-09,9270,8578,819,Y,Clear
RW00454,CT0038,2025-10,7876,7281,1017,Y,Clear
RW00455,CT0038,2025-11,8508,8344,488,Y,Flagged
RW00456,CT0038,2025-12,8672,8565,356,Y,Clear
RW00457,CT0039,2025-01,19315,19011,347,Y,Clear
RW00458,CT0039,2025-02,18164,17915,738,Y,Clear
RW00459,CT0039,2025-03,17477,17058,563,Y,Clear
RW00460,CT0039,2025-04,18818,18420,810,Y,Clear
RW00461,CT0039,2025-05,18076,17821,733,Y,Clear
RW00462,CT0039,2025-06,19687,19224,484,N,Flagged
RW00463,CT0039,2025-07,17465,16908,628,N,Flagged
RW00464,CT0039,2025-08,18874,18792,162,Y,Clear
RW00465,CT0039,2025-09,18365,17957,806,Y,Clear
RW00466,CT0039,2025-10,17505,16999,606,N,Flagged
RW00467,CT0039,2025-11,17705,17526,648,Y,Clear
RW00468,CT0039,2025-12,18030,17703,825,Y,Clear
RW00469,CT0040,2025-01,6867,6763,549,Y,Clear
RW00470,CT0040,2025-02,7842,7416,726,Y,Clear
RW00471,CT0040,2025-03,7323,6732,834,Y,Clear
RW00472,CT0040,2025-04,8335,8062,766,Y,Clear
RW00473,CT0040,2025-05,8030,7579,808,Y,Clear
RW00474,CT0040,2025-06,7560,6855,1017,Y,Flagged
RW00475,CT0040,2025-07,5492,5475,481,Y,Clear
RW00476,CT0040,2025-08,7925,7161,1176,Y,Clear
RW00477,CT0040,2025-09,5863,5614,321,N,Flagged
RW00478,CT0040,2025-10,7573,7562,121,Y,Clear
RW00479,CT0040,2025-11,5608,4989,967,Y,Clear
RW00480,CT0040,2025-12,6451,6167,618,Y,Clear
RW00481,CT0041,2025-01,14996,14572,594,Y,Clear
RW00482,CT0041,2025-02,17458,16817,885,Y,Clear
RW00483,CT0041,2025-03,16800,16232,741,Y,Clear
RW00484,CT0041,2025-04,16517,15986,840,Y,Clear
RW00485,CT0041,2025-05,15885,15655,645,Y,Clear
RW00486,CT0041,2025-06,17278,17119,328,Y,Clear
RW00487,CT0041,2025-07,17183,16735,871,N,Flagged
RW00488,CT0041,2025-08,17728,17701,293,Y,Clear
RW00489,CT0041,2025-09,16666,16590,144,N,Flagged
RW00490,CT0041,2025-10,15757,15278,801,N,Flagged
RW00491,CT0041,2025-11,17632,17145,539,Y,Clear
RW00492,CT0041,2025-12,15568,14866,969,Y,Clear
RW00493,CT0042,2025-01,17242,16917,667,Y,Flagged
RW00494,CT0042,2025-02,15596,15070,732,Y,Clear
RW00495,CT0042,2025-03,16268,15482,1054,Y,Clear
RW00496,CT0042,2025-04,16317,15522,1142,Y,Clear
RW00497,CT0042,2025-05,17131,17027,564,Y,Clear
RW00498,CT0042,2025-06,17047,16846,674,Y,Clear
RW00499,CT0042,2025-07,17671,17616,230,Y,Clear
RW00500,CT0042,2025-08,17055,16913,521,Y,Clear
RW00501,CT0042,2025-09,15863,15540,461,Y,Clear
RW00502,CT0042,2025-10,15501,14761,780,Y,Clear
RW00503,CT0042,2025-11,16838,16626,470,Y,Clear
RW00504,CT0042,2025-12,16509,15906,1092,Y,Clear
RW00505,CT0043,2025-01,15814,15460,745,Y,Clear
RW00506,CT0043,2025-02,18333,18228,578,Y,Clear
RW00507,CT0043,2025-03,18501,17833,972,Y,Clear
RW00508,CT0043,2025-04,17406,16643,1060,Y,Clear
RW00509,CT0043,2025-05,18128,18049,89,Y,Clear
RW00510,CT0043,2025-06,18595,18105,940,Y,Clear
RW00511,CT0043,2025-07,17144,17030,544,Y,Clear
RW00512,CT0043,2025-08,18245,17831,470,Y,Clear
RW00513,CT0043,2025-09,17672,17312,761,Y,Clear
RW00514,CT0043,2025-10,16997,16562,689,Y,Clear
RW00515,CT0043,2025-11,17320,16724,1073,Y,Clear
RW00516,CT0043,2025-12,16818,16793,447,Y,Clear
RW00517,CT0044,2025-01,8105,8050,114,Y,Clear
RW00518,CT0044,2025-02,6638,5864,1155,Y,Clear
RW00519,CT0044,2025-03,7093,6553,673,Y,Clear
RW00520,CT0044,2025-04,6172,5793,705,Y,Clear
RW00521,CT0044,2025-05,7617,6980,1025,Y,Clear
RW00522,CT0044,2025-06,7196,6560,1101,Y,Clear
RW00523,CT0044,2025-07,6256,5934,335,Y,Clear
RW00524,CT0044,2025-08,7197,7039,186,Y,Flagged
RW00525,CT0044,2025-09,7114,6652,896,Y,Flagged
RW00526,CT0044,2025-10,8683,7991,1084,Y,Clear
RW00527,CT0044,2025-11,7394,6913,812,Y,Clear
RW00528,CT0044,2025-12,7203,7036,284,Y,Clear
RW00529,CT0045,2025-01,5503,5354,536,Y,Clear
RW00530,CT0045,2025-02,5869,5087,915,Y,Clear
RW00531,CT0045,2025-03,4915,4737,636,Y,Clear
RW00532,CT0045,2025-04,4857,4647,580,N,Flagged
RW00533,CT0045,2025-05,6681,6228,942,Y,Clear
RW00534,CT0045,2025-06,6855,6248,718,Y,Clear
RW00535,CT0045,2025-07,6434,6186,286,Y,Clear
RW00536,CT0045,2025-08,6658,6094,895,Y,Clear
RW00537,CT0045,2025-09,7659,7035,862,Y,Clear
RW00538,CT0045,2025-10,6491,5784,1027,Y,Clear
RW00539,CT0045,2025-11,5696,5551,313,Y,Clear
RW00540,CT0045,2025-12,5289,4600,846,Y,Clear
RW00541,CT0046,2025-01,16375,16374,212,Y,Clear
RW00542,CT0046,2025-02,17533,17111,752,Y,Clear
RW00543,CT0046,2025-03,16866,16172,897,Y,Clear
RW00544,CT0046,2025-04,17564,17280,417,Y,Clear
RW00545,CT0046,2025-05,15790,15195,1019,Y,Flagged
RW00546,CT0046,2025-06,17844,17684,629,Y,Clear
RW00547,CT0046,2025-07,16384,15856,855,Y,Clear
RW00548,CT0046,2025-08,17561,16818,996,Y,Clear
RW00549,CT0046,2025-09,17982,17957,76,Y,Clear
RW00550,CT0046,2025-10,16698,16205,655,Y,Clear
RW00551,CT0046,2025-11,16826,16627,639,Y,Clear
RW00552,CT0046,2025-12,17552,16757,1251,N,Flagged
RW00553,CT0047,2025-01,16391,15903,568,Y,Clear
RW00554,CT0047,2025-02,16596,16371,248,Y,Clear
RW00555,CT0047,2025-03,17630,17226,842,Y,Clear
RW00556,CT0047,2025-04,17265,16610,765,Y,Clear
RW00557,CT0047,2025-05,15967,15494,757,Y,Clear
RW00558,CT0047,2025-06,15990,15265,846,Y,Clear
RW00559,CT0047,2025-07,16330,15802,868,Y,Clear
RW00560,CT0047,2025-08,18186,17553,967,Y,Clear
RW00561,CT0047,2025-09,15540,15212,754,Y,Clear
RW00562,CT0047,2025-10,16226,15992,329,Y,Clear
RW00563,CT0047,2025-11,17993,17378,807,Y,Clear
RW00564,CT0047,2025-12,18372,17589,977,Y,Clear
RW00565,CT0048,2025-01,9161,8880,384,N,Flagged
RW00566,CT0048,2025-02,7718,6947,952,N,Flagged
RW00567,CT0048,2025-03,8667,8472,378,Y,Clear
RW00568,CT0048,2025-04,7386,6978,857,Y,Clear
RW00569,CT0048,2025-05,7701,7171,595,Y,Clear
RW00570,CT0048,2025-06,6749,6478,753,Y,Clear
RW00571,CT0048,2025-07,7156,6454,855,Y,Clear
RW00572,CT0048,2025-08,7558,7327,457,Y,Clear
RW00573,CT0048,2025-09,6879,6673,535,Y,Clear
RW00574,CT0048,2025-10,8311,8182,205,Y,Clear
RW00575,CT0048,2025-11,9433,9097,391,Y,Clear
RW00576,CT0048,2025-12,7929,7543,589,Y,Clear
RW00577,CT0049,2025-01,4951,4632,637,N,Flagged
RW00578,CT0049,2025-02,5465,4706,849,Y,Clear
RW00579,CT0049,2025-03,5591,5265,454,Y,Clear
RW00580,CT0049,2025-04,4859,4659,446,Y,Clear
RW00581,CT0049,2025-05,5920,5404,770,Y,Clear
RW00582,CT0049,2025-06,4371,3732,957,Y,Clear
RW00583,CT0049,2025-07,4489,3799,859,Y,Clear
RW00584,CT0049,2025-08,5824,5571,360,Y,Clear
RW00585,CT0049,2025-09,5309,4681,1061,Y,Clear
RW00586,CT0049,2025-10,4852,4734,514,N,Flagged
RW00587,CT0049,2025-11,5194,4944,586,Y,Clear
RW00588,CT0049,2025-12,5789,5774,258,Y,Clear
RW00589,CT0050,2025-01,13842,13793,247,Y,Clear
RW00590,CT0050,2025-02,13823,13263,704,Y,Clear
RW00591,CT0050,2025-03,15353,14888,758,Y,Clear
RW00592,CT0050,2025-04,15994,15524,571,Y,Clear
RW00593,CT0050,2025-05,14164,13548,688,Y,Clear
RW00594,CT0050,2025-06,15280,14718,1022,Y,Clear
RW00595,CT0050,2025-07,14568,14157,522,Y,Clear
RW00596,CT0050,2025-08,13964,13937,180,N,Flagged
RW00597,CT0050,2025-09,15036,14513,923,Y,Clear
RW00598,CT0050,2025-10,15186,14924,707,Y,Clear
RW00599,CT0050,2025-11,14754,14188,617,Y,Clear
RW00600,CT0050,2025-12,16636,16009,1117,Y,Clear
RW00601,CT0051,2025-01,17507,17360,301,Y,Clear
RW00602,CT0051,2025-02,18510,18425,409,Y,Clear
RW00603,CT0051,2025-03,19976,19965,201,Y,Clear
RW00604,CT0051,2025-04,17973,17953,330,N,Flagged
RW00605,CT0051,2025-05,18490,18304,672,Y,Clear
RW00606,CT0051,2025-06,19249,18780,874,Y,Clear
RW00607,CT0051,2025-07,19830,19641,599,Y,Clear
RW00608,CT0051,2025-08,18550,18541,378,Y,Clear
RW00609,CT0051,2025-09,20015,20012,392,N,Flagged
RW00610,CT0051,2025-10,18529,18076,823,Y,Clear
RW00611,CT0051,2025-11,18173,17929,644,Y,Clear
RW00612,CT0051,2025-12,19395,18865,982,Y,Clear
RW00613,CT0052,2025-01,13132,12676,610,Y,Clear
RW00614,CT0052,2025-02,12877,12588,352,Y,Clear
RW00615,CT0052,2025-03,12807,12055,949,Y,Clear
RW00616,CT0052,2025-04,12266,11833,802,Y,Clear
RW00617,CT0052,2025-05,11246,11235,277,Y,Clear
RW00618,CT0052,2025-06,13909,13852,430,Y,Clear
RW00619,CT0052,2025-07,11938,11218,936,Y,Flagged
RW00620,CT0052,2025-08,13281,12824,557,Y,Clear
RW00621,CT0052,2025-09,13017,12645,476,N,Flagged
RW00622,CT0052,2025-10,12611,12442,303,Y,Clear
RW00623,CT0052,2025-11,13177,13160,496,Y,Clear
RW00624,CT0052,2025-12,12227,11995,371,Y,Clear
RW00625,CT0053,2025-01,17255,17166,140,Y,Clear
RW00626,CT0053,2025-02,17086,17017,483,Y,Clear
RW00627,CT0053,2025-03,17235,17120,397,Y,Clear
RW00628,CT0053,2025-04,16185,16083,459,Y,Clear
RW00629,CT0053,2025-05,15358,15075,697,Y,Clear
RW00630,CT0053,2025-06,16000,15267,933,Y,Clear
RW00631,CT0053,2025-07,17517,17011,557,Y,Clear
RW00632,CT0053,2025-08,17057,16624,461,Y,Clear
RW00633,CT0053,2025-09,16238,15964,314,Y,Clear
RW00634,CT0053,2025-10,15788,15193,689,Y,Clear
RW00635,CT0053,2025-11,16568,16438,415,Y,Flagged
RW00636,CT0053,2025-12,16692,15964,1164,Y,Clear
RW00637,CT0054,2025-01,19824,19732,218,Y,Clear
RW00638,CT0054,2025-02,20339,19714,810,Y,Clear
RW00639,CT0054,2025-03,19229,18890,476,Y,Clear
RW00640,CT0054,2025-04,20376,19661,918,Y,Clear
RW00641,CT0054,2025-05,20604,20254,637,N,Flagged
RW00642,CT0054,2025-06,18336,17853,879,Y,Clear
RW00643,CT0054,2025-07,19306,18743,777,Y,Clear
RW00644,CT0054,2025-08,20608,20061,1016,Y,Clear
RW00645,CT0054,2025-09,20248,19567,699,Y,Clear
RW00646,CT0054,2025-10,20249,19832,468,Y,Clear
RW00647,CT0054,2025-11,18572,17963,879,Y,Clear
RW00648,CT0054,2025-12,19052,18406,841,Y,Clear
RW00649,CT0055,2025-01,21153,20878,524,Y,Clear
RW00650,CT0055,2025-02,19199,18505,934,Y,Clear
RW00651,CT0055,2025-03,18379,18016,680,N,Flagged
RW00652,CT0055,2025-04,20187,19947,555,Y,Clear
RW00653,CT0055,2025-05,18632,18160,677,Y,Clear
RW00654,CT0055,2025-06,19047,18667,568,Y,Clear
RW00655,CT0055,2025-07,19306,18579,1203,Y,Clear
RW00656,CT0055,2025-08,18301,17839,933,Y,Clear
RW00657,CT0055,2025-09,20759,20347,781,Y,Clear
RW00658,CT0055,2025-10,21125,20778,728,Y,Clear
RW00659,CT0055,2025-11,19584,19154,464,Y,Clear
RW00660,CT0055,2025-12,18636,17843,923,Y,Clear
RW00661,CT0056,2025-01,5467,4959,706,Y,Clear
RW00662,CT0056,2025-02,5293,4951,713,Y,Clear
RW00663,CT0056,2025-03,5283,5130,637,Y,Clear
RW00664,CT0056,2025-04,4413,3650,994,Y,Clear
RW00665,CT0056,2025-05,6349,5706,1119,Y,Clear
RW00666,CT0056,2025-06,6764,6655,113,Y,Clear
RW00667,CT0056,2025-07,5337,5323,152,Y,Clear
RW00668,CT0056,2025-08,6634,6014,1011,Y,Clear
RW00669,CT0056,2025-09,4499,3801,923,Y,Flagged
RW00670,CT0056,2025-10,6415,5733,997,Y,Clear
RW00671,CT0056,2025-11,5452,5379,399,Y,Clear
RW00672,CT0056,2025-12,6835,6653,500,Y,Clear
RW00673,CT0057,2025-01,9796,9718,408,Y,Clear
RW00674,CT0057,2025-02,11043,10699,776,N,Flagged
RW00675,CT0057,2025-03,9930,9656,715,Y,Clear
RW00676,CT0057,2025-04,10632,10200,725,Y,Clear
RW00677,CT0057,2025-05,8725,7987,973,N,Flagged
RW00678,CT0057,2025-06,10658,10471,563,Y,Clear
RW00679,CT0057,2025-07,8645,8525,267,Y,Clear
RW00680,CT0057,2025-08,10147,10018,589,Y,Clear
RW00681,CT0057,2025-09,9848,9526,742,Y,Clear
RW00682,CT0057,2025-10,9989,9315,844,N,Flagged
RW00683,CT0057,2025-11,9556,8867,727,Y,Clear
RW00684,CT0057,2025-12,10281,10130,494,Y,Clear
RW00685,CT0058,2025-01,2339,1906,516,Y,Clear
RW00686,CT0058,2025-02,551,504,336,Y,Clear
RW00687,CT0058,2025-03,2541,1854,919,Y,Clear
RW00688,CT0058,2025-04,1053,916,307,Y,Clear
RW00689,CT0058,2025-05,2399,1797,755,N,Flagged
RW00690,CT0058,2025-06,3219,2543,997,Y,Clear
RW00691,CT0058,2025-07,3137,2895,312,Y,Clear
RW00692,CT0058,2025-08,3329,3074,581,Y,Clear
RW00693,CT0058,2025-09,1169,927,708,Y,Clear
RW00694,CT0058,2025-10,2100,2007,226,Y,Clear
RW00695,CT0058,2025-11,3385,2663,1215,Y,Clear
RW00696,CT0058,2025-12,1235,945,702,N,Flagged
RW00697,CT0059,2025-01,17062,16359,711,Y,Clear
RW00698,CT0059,2025-02,17828,17299,769,Y,Clear
RW00699,CT0059,2025-03,15835,15038,1068,Y,Clear
RW00700,CT0059,2025-04,15557,15208,572,Y,Clear
RW00701,CT0059,2025-05,15336,15047,765,Y,Clear
RW00702,CT0059,2025-06,15904,15785,207,Y,Flagged
RW00703,CT0059,2025-07,17834,17328,850,Y,Clear
RW00704,CT0059,2025-08,15371,14984,468,Y,Clear
RW00705,CT0059,2025-09,17338,16738,1066,Y,Clear
RW00706,CT0059,2025-10,15847,15839,358,Y,Clear
RW00707,CT0059,2025-11,14919,14713,261,Y,Clear
RW00708,CT0059,2025-12,15754,14993,1191,Y,Clear
RW00709,CT0060,2025-01,15624,15572,148,Y,Clear
RW00710,CT0060,2025-02,15062,14283,1204,Y,Clear
RW00711,CT0060,2025-03,16021,15972,539,Y,Clear
RW00712,CT0060,2025-04,16117,15328,1026,Y,Clear
RW00713,CT0060,2025-05,15270,14494,1194,Y,Clear
RW00714,CT0060,2025-06,15632,15086,849,Y,Clear
RW00715,CT0060,2025-07,15393,14893,842,Y,Clear
RW00716,CT0060,2025-08,16242,15714,1001,Y,Clear
RW00717,CT0060,2025-09,15984,15381,1082,Y,Clear
RW00718,CT0060,2025-10,14297,14096,434,Y,Clear
RW00719,CT0060,2025-11,14210,14077,328,Y,Clear
RW00720,CT0060,2025-12,16277,15596,1042,N,Flagged
RW00721,CT0061,2025-01,17013,16760,444,Y,Clear
RW00722,CT0061,2025-02,17013,16406,888,Y,Clear
RW00723,CT0061,2025-03,17694,17319,562,Y,Clear
RW00724,CT0061,2025-04,16692,16662,460,N,Flagged
RW00725,CT0061,2025-05,17258,16697,1054,Y,Clear
RW00726,CT0061,2025-06,17621,17434,673,Y,Clear
RW00727,CT0061,2025-07,17221,17036,188,N,Flagged
RW00728,CT0061,2025-08,17263,17187,93,Y,Clear
RW00729,CT0061,2025-09,16744,16705,505,Y,Clear
RW00730,CT0061,2025-10,17996,17503,931,Y,Clear
RW00731,CT0061,2025-11,19174,18701,496,N,Flagged
RW00732,CT0061,2025-12,18120,17784,707,Y,Clear
RW00733,CT0062,2025-01,12487,12231,422,Y,Clear
RW00734,CT0062,2025-02,11890,11195,1020,Y,Clear
RW00735,CT0062,2025-03,12606,11989,893,Y,Clear
RW00736,CT0062,2025-04,12214,12150,498,Y,Flagged
RW00737,CT0062,2025-05,12596,12334,319,Y,Clear
RW00738,CT0062,2025-06,11638,11058,745,Y,Clear
RW00739,CT0062,2025-07,12809,12693,226,Y,Clear
RW00740,CT0062,2025-08,11858,11650,522,Y,Clear
RW00741,CT0062,2025-09,12737,11998,1007,Y,Clear
RW00742,CT0062,2025-10,11988,11842,591,Y,Clear
RW00743,CT0062,2025-11,12141,12115,198,Y,Clear
RW00744,CT0062,2025-12,11821,11719,220,Y,Clear
RW00745,CT0063,2025-01,15411,14820,1052,Y,Clear
RW00746,CT0063,2025-02,16165,15634,955,Y,Clear
RW00747,CT0063,2025-03,17572,17505,251,Y,Clear
RW00748,CT0063,2025-04,15306,15048,754,Y,Clear
RW00749,CT0063,2025-05,17191,16990,208,Y,Clear
RW00750,CT0063,2025-06,15459,14777,999,Y,Clear
RW00751,CT0063,2025-07,14830,14516,372,Y,Clear
RW00752,CT0063,2025-08,17228,16785,779,Y,Clear
RW00753,CT0063,2025-09,17153,16617,951,Y,Clear
RW00754,CT0063,2025-10,15073,14402,1048,Y,Clear
RW00755,CT0063,2025-11,16418,16230,393,Y,Clear
RW00756,CT0063,2025-12,14853,14394,936,Y,Flagged
RW00757,CT0064,2025-01,3984,3779,643,Y,Clear
RW00758,CT0064,2025-02,3395,3123,651,Y,Clear
RW00759,CT0064,2025-03,3568,3353,696,Y,Clear
RW00760,CT0064,2025-04,2816,2197,1028,N,Flagged
RW00761,CT0064,2025-05,5102,4811,706,Y,Flagged
RW00762,CT0064,2025-06,3112,3012,250,Y,Clear
RW00763,CT0064,2025-07,5162,5130,291,Y,Clear
RW00764,CT0064,2025-08,5269,4543,730,Y,Clear
RW00765,CT0064,2025-09,5387,5215,194,Y,Clear
RW00766,CT0064,2025-10,3079,2706,575,Y,Clear
RW00767,CT0064,2025-11,4979,4422,1049,Y,Clear
RW00768,CT0064,2025-12,2812,2798,456,Y,Clear
RW00769,CT0065,2025-01,4785,4612,599,Y,Clear
RW00770,CT0065,2025-02,3826,3478,404,Y,Clear
RW00771,CT0065,2025-03,2589,2127,709,Y,Clear
RW00772,CT0065,2025-04,3103,2316,940,Y,Clear
RW00773,CT0065,2025-05,4221,4017,696,Y,Clear
RW00774,CT0065,2025-06,3803,3337,466,Y,Clear
RW00775,CT0065,2025-07,5099,4781,620,Y,Clear
RW00776,CT0065,2025-08,4955,4396,1024,Y,Clear
RW00777,CT0065,2025-09,4801,4564,288,Y,Clear
RW00778,CT0065,2025-10,4209,3501,930,Y,Clear
RW00779,CT0065,2025-11,3630,3159,937,Y,Clear
RW00780,CT0065,2025-12,2437,1918,520,Y,Clear
RW00781,CT0066,2025-01,4533,4071,930,Y,Clear
RW00782,CT0066,2025-02,6533,5925,744,N,Flagged
RW00783,CT0066,2025-03,5699,5538,174,Y,Clear
RW00784,CT0066,2025-04,4548,4454,586,N,Flagged
RW00785,CT0066,2025-05,5168,4954,669,Y,Clear
RW00786,CT0066,2025-06,6562,5810,784,Y,Clear
RW00787,CT0066,2025-07,6248,6187,467,Y,Clear
RW00788,CT0066,2025-08,5439,4817,1055,Y,Flagged
RW00789,CT0066,2025-09,5994,5787,285,Y,Clear
RW00790,CT0066,2025-10,5221,4817,434,Y,Clear
RW00791,CT0066,2025-11,6004,5514,689,Y,Clear
RW00792,CT0066,2025-12,6752,6013,1197,Y,Clear
RW00793,CT0067,2025-01,7291,6782,783,Y,Clear
RW00794,CT0067,2025-02,5309,4740,715,Y,Clear
RW00795,CT0067,2025-03,5724,5556,400,Y,Clear
RW00796,CT0067,2025-04,6974,6540,587,Y,Clear
RW00797,CT0067,2025-05,6274,5888,507,N,Flagged
RW00798,CT0067,2025-06,7435,6966,633,Y,Clear
RW00799,CT0067,2025-07,5507,5166,463,Y,Clear
RW00800,CT0067,2025-08,7770,7162,1045,Y,Clear
RW00801,CT0067,2025-09,5947,5873,522,Y,Clear
RW00802,CT0067,2025-10,5548,4828,791,Y,Clear
RW00803,CT0067,2025-11,6761,6057,808,Y,Clear
RW00804,CT0067,2025-12,6588,6104,692,Y,Clear
RW00805,CT0068,2025-01,11509,11217,328,Y,Clear
RW00806,CT0068,2025-02,9797,9006,1019,Y,Clear
RW00807,CT0068,2025-03,10768,10530,283,Y,Clear
RW00808,CT0068,2025-04,10558,9993,894,N,Flagged
RW00809,CT0068,2025-05,11296,10560,972,Y,Clear
RW00810,CT0068,2025-06,9734,9485,594,Y,Clear
RW00811,CT0068,2025-07,9340,9253,436,Y,Clear
RW00812,CT0068,2025-08,10982,10582,708,Y,Clear
RW00813,CT0068,2025-09,11328,11293,303,Y,Clear
RW00814,CT0068,2025-10,9978,9710,744,Y,Clear
RW00815,CT0068,2025-11,9442,8693,1150,Y,Clear
RW00816,CT0068,2025-12,9764,9014,752,Y,Clear
RW00817,CT0069,2025-01,9800,9431,814,Y,Clear
RW00818,CT0069,2025-02,8983,8938,153,N,Flagged
RW00819,CT0069,2025-03,8229,8140,477,Y,Clear
RW00820,CT0069,2025-04,8305,8159,408,Y,Clear
RW00821,CT0069,2025-05,10279,9906,788,Y,Clear
RW00822,CT0069,2025-06,8334,7628,849,Y,Clear
RW00823,CT0069,2025-07,8238,8093,472,Y,Clear
RW00824,CT0069,2025-08,10270,10210,263,Y,Clear
RW00825,CT0069,2025-09,8789,8165,1032,Y,Clear
RW00826,CT0069,2025-10,10083,9875,648,Y,Clear
RW00827,CT0069,2025-11,10323,10021,664,Y,Clear
RW00828,CT0069,2025-12,10025,9879,374,Y,Clear
RW00829,CT0070,2025-01,4622,4278,802,Y,Clear
RW00830,CT0070,2025-02,6426,6252,647,Y,Clear
RW00831,CT0070,2025-03,4893,4266,663,Y,Clear
RW00832,CT0070,2025-04,5079,4352,961,Y,Clear
RW00833,CT0070,2025-05,6728,6576,262,Y,Clear
RW00834,CT0070,2025-06,7030,7023,459,Y,Clear
RW00835,CT0070,2025-07,6429,6221,445,Y,Clear
RW00836,CT0070,2025-08,6477,5815,953,Y,Clear
RW00837,CT0070,2025-09,4541,4411,557,Y,Clear
RW00838,CT0070,2025-10,7182,6583,889,Y,Clear
RW00839,CT0070,2025-11,4664,4048,637,Y,Clear
RW00840,CT0070,2025-12,7177,7074,124,Y,Clear
RW00841,CT0071,2025-01,13531,12858,854,Y,Clear
RW00842,CT0071,2025-02,12142,11438,898,Y,Flagged
RW00843,CT0071,2025-03,14543,14098,554,Y,Clear
RW00844,CT0071,2025-04,11892,11276,1002,Y,Clear
RW00845,CT0071,2025-05,14466,14248,428,Y,Clear
RW00846,CT0071,2025-06,12466,12081,609,Y,Clear
RW00847,CT0071,2025-07,14327,14049,643,N,Flagged
RW00848,CT0071,2025-08,12511,12499,342,Y,Clear
RW00849,CT0071,2025-09,14053,13350,910,Y,Flagged
RW00850,CT0071,2025-10,12466,12361,546,Y,Clear
RW00851,CT0071,2025-11,12583,11912,1105,Y,Clear
RW00852,CT0071,2025-12,12340,11850,873,Y,Clear
RW00853,CT0072,2025-01,6538,6523,455,Y,Clear
RW00854,CT0072,2025-02,5828,5708,327,Y,Clear
RW00855,CT0072,2025-03,6815,6601,228,Y,Clear
RW00856,CT0072,2025-04,5671,5010,749,Y,Clear
RW00857,CT0072,2025-05,5537,4884,856,Y,Flagged
RW00858,CT0072,2025-06,6005,5654,791,Y,Clear
RW00859,CT0072,2025-07,5173,4743,792,Y,Clear
RW00860,CT0072,2025-08,5772,4977,1282,Y,Clear
RW00861,CT0072,2025-09,6539,6001,550,Y,Clear
RW00862,CT0072,2025-10,5771,5451,669,Y,Clear
RW00863,CT0072,2025-11,5684,5600,132,Y,Clear
RW00864,CT0072,2025-12,7074,6537,600,Y,Clear
RW00865,CT0073,2025-01,19094,18337,865,Y,Clear
RW00866,CT0073,2025-02,17806,17043,1073,Y,Flagged
RW00867,CT0073,2025-03,17370,16651,1068,Y,Clear
RW00868,CT0073,2025-04,19384,18715,731,Y,Clear
RW00869,CT0073,2025-05,18157,17413,1202,Y,Clear
RW00870,CT0073,2025-06,19289,19078,267,Y,Clear
RW00871,CT0073,2025-07,18425,18370,94,Y,Clear
RW00872,CT0073,2025-08,18597,17800,823,N,Flagged
RW00873,CT0073,2025-09,18840,18443,677,Y,Clear
RW00874,CT0073,2025-10,19461,18736,1080,Y,Clear
RW00875,CT0073,2025-11,18563,18441,386,Y,Clear
RW00876,CT0073,2025-12,19144,18801,344,N,Flagged
RW00877,CT0074,2025-01,14833,14547,770,Y,Clear
RW00878,CT0074,2025-02,12257,12032,345,N,Flagged
RW00879,CT0074,2025-03,14486,14417,534,Y,Clear
RW00880,CT0074,2025-04,12829,12505,630,Y,Clear
RW00881,CT0074,2025-05,13172,12450,894,Y,Clear
RW00882,CT0074,2025-06,13436,13258,510,Y,Clear
RW00883,CT0074,2025-07,14081,14067,271,Y,Clear
RW00884,CT0074,2025-08,13926,13767,375,Y,Clear
RW00885,CT0074,2025-09,14415,14124,639,Y,Clear
RW00886,CT0074,2025-10,14064,13277,814,Y,Clear
RW00887,CT0074,2025-11,14125,13707,822,Y,Clear
RW00888,CT0074,2025-12,14915,14910,485,Y,Clear
RW00889,CT0075,2025-01,18869,18090,1092,N,Flagged
RW00890,CT0075,2025-02,17323,16649,841,Y,Clear
RW00891,CT0075,2025-03,18818,18530,347,Y,Clear
RW00892,CT0075,2025-04,16122,15893,284,N,Flagged
RW00893,CT0075,2025-05,16258,16009,528,Y,Clear
RW00894,CT0075,2025-06,18885,18838,337,Y,Flagged
RW00895,CT0075,2025-07,16349,15743,810,Y,Clear
RW00896,CT0075,2025-08,17113,16620,779,Y,Clear
RW00897,CT0075,2025-09,16526,15816,1109,Y,Clear
RW00898,CT0075,2025-10,17409,16956,869,N,Flagged
RW00899,CT0075,2025-11,17085,16458,1108,Y,Clear
RW00900,CT0075,2025-12,16701,16615,482,Y,Clear
RW00901,CT0076,2025-01,4294,3561,825,Y,Clear
RW00902,CT0076,2025-02,3718,2923,1124,Y,Clear
RW00903,CT0076,2025-03,5817,5314,562,Y,Clear
RW00904,CT0076,2025-04,6174,5689,492,Y,Clear
RW00905,CT0076,2025-05,5883,5521,691,Y,Clear
RW00906,CT0076,2025-06,4010,3536,926,Y,Clear
RW00907,CT0076,2025-07,5019,4290,874,Y,Clear
RW00908,CT0076,2025-08,4193,3459,909,Y,Clear
RW00909,CT0076,2025-09,4904,4132,879,Y,Clear
RW00910,CT0076,2025-10,4963,4411,818,Y,Clear
RW00911,CT0076,2025-11,5524,4938,940,Y,Clear
RW00912,CT0076,2025-12,5415,4632,816,Y,Clear
RW00913,CT0077,2025-01,17619,17262,412,Y,Clear
RW00914,CT0077,2025-02,18867,18414,911,Y,Clear
RW00915,CT0077,2025-03,17294,16681,654,Y,Clear
RW00916,CT0077,2025-04,17259,16635,1105,Y,Clear
RW00917,CT0077,2025-05,19463,18873,615,Y,Clear
RW00918,CT0077,2025-06,17440,17038,604,Y,Clear
RW00919,CT0077,2025-07,17887,17737,313,Y,Clear
RW00920,CT0077,2025-08,19023,19023,13,Y,Clear
RW00921,CT0077,2025-09,18907,18282,1042,Y,Clear
RW00922,CT0077,2025-10,17991,17591,836,Y,Clear
RW00923,CT0077,2025-11,17353,16768,644,Y,Clear
RW00924,CT0077,2025-12,17152,16626,883,Y,Flagged
RW00925,CT0078,2025-01,2775,2406,514,Y,Clear
RW00926,CT0078,2025-02,4722,4461,716,Y,Clear
RW00927,CT0078,2025-03,4800,4442,841,Y,Flagged
RW00928,CT0078,2025-04,4269,3720,625,Y,Clear
RW00929,CT0078,2025-05,4093,3858,473,Y,Clear
RW00930,CT0078,2025-06,5428,4957,779,Y,Clear
RW00931,CT0078,2025-07,5488,5258,562,Y,Clear
RW00932,CT0078,2025-08,3486,3273,270,Y,Clear
RW00933,CT0078,2025-09,3920,3724,581,Y,Clear
RW00934,CT0078,2025-10,5132,5039,127,Y,Clear
RW00935,CT0078,2025-11,4905,4350,970,Y,Clear
RW00936,CT0078,2025-12,4270,3996,486,Y,Clear
RW00937,CT0079,2025-01,12105,11679,888,Y,Clear
RW00938,CT0079,2025-02,13447,12705,847,Y,Clear
RW00939,CT0079,2025-03,13483,13240,316,Y,Clear
RW00940,CT0079,2025-04,11810,11190,666,Y,Clear
RW00941,CT0079,2025-05,13660,13392,405,Y,Clear
RW00942,CT0079,2025-06,12043,11662,443,Y,Clear
RW00943,CT0079,2025-07,11109,10598,560,Y,Clear
RW00944,CT0079,2025-08,12855,12792,456,Y,Clear
RW00945,CT0079,2025-09,12341,11834,952,Y,Clear
RW00946,CT0079,2025-10,13291,13280,248,Y,Clear
RW00947,CT0079,2025-11,12927,12910,355,Y,Clear
RW00948,CT0079,2025-12,12556,12098,595,Y,Clear
RW00949,CT0080,2025-01,17681,17681,377,Y,Clear
RW00950,CT0080,2025-02,16860,16474,496,Y,Clear
RW00951,CT0080,2025-03,15165,15065,168,Y,Clear
RW00952,CT0080,2025-04,16972,16744,280,Y,Clear
RW00953,CT0080,2025-05,16955,16864,515,Y,Clear
RW00954,CT0080,2025-06,16238,15683,748,Y,Clear
RW00955,CT0080,2025-07,16003,15701,688,Y,Clear
RW00956,CT0080,2025-08,15805,15015,1212,Y,Clear
RW00957,CT0080,2025-09,16524,16162,495,Y,Clear
RW00958,CT0080,2025-10,15972,15843,448,Y,Clear
RW00959,CT0080,2025-11,16954,16366,956,Y,Clear
RW00960,CT0080,2025-12,15898,15465,807,Y,Clear
RW00961,CT0081,2025-01,2218,2216,99,Y,Clear
RW00962,CT0081,2025-02,3699,3656,519,Y,Clear
RW00963,CT0081,2025-03,4545,3860,1061,N,Flagged
RW00964,CT0081,2025-04,4284,3868,755,Y,Clear
RW00965,CT0081,2025-05,3385,3356,220,N,Flagged
RW00966,CT0081,2025-06,4079,3462,664,Y,Clear
RW00967,CT0081,2025-07,4664,4126,874,Y,Clear
RW00968,CT0081,2025-08,2269,2251,321,Y,Clear
RW00969,CT0081,2025-09,3332,3072,692,Y,Clear
RW00970,CT0081,2025-10,3141,2530,717,Y,Clear
RW00971,CT0081,2025-11,4429,4035,635,Y,Clear
RW00972,CT0081,2025-12,4550,4466,332,Y,Clear
RW00973,CT0082,2025-01,7162,6618,641,Y,Clear
RW00974,CT0082,2025-02,6254,6015,278,Y,Clear
RW00975,CT0082,2025-03,5911,5732,537,Y,Clear
RW00976,CT0082,2025-04,5384,5266,353,Y,Clear
RW00977,CT0082,2025-05,5621,5042,940,Y,Flagged
RW00978,CT0082,2025-06,4712,4087,1089,Y,Clear
RW00979,CT0082,2025-07,4514,4348,474,Y,Clear
RW00980,CT0082,2025-08,5179,4609,1040,Y,Flagged
RW00981,CT0082,2025-09,5164,4815,658,Y,Clear
RW00982,CT0082,2025-10,5254,5082,527,Y,Clear
RW00983,CT0082,2025-11,4307,3544,1155,N,Flagged
RW00984,CT0082,2025-12,5460,5132,797,Y,Clear
RW00985,CT0083,2025-01,7056,6683,667,Y,Clear
RW00986,CT0083,2025-02,8716,7941,1018,Y,Clear
RW00987,CT0083,2025-03,8589,8426,514,Y,Clear
RW00988,CT0083,2025-04,9505,8807,880,Y,Clear
RW00989,CT0083,2025-05,6694,6462,322,Y,Clear
RW00990,CT0083,2025-06,9373,8584,980,Y,Flagged
RW00991,CT0083,2025-07,6904,6257,1001,Y,Flagged
RW00992,CT0083,2025-08,6915,6638,490,Y,Clear
RW00993,CT0083,2025-09,8625,8547,156,N,Flagged
RW00994,CT0083,2025-10,7565,6918,649,Y,Clear
RW00995,CT0083,2025-11,9140,8627,730,Y,Clear
RW00996,CT0083,2025-12,7354,7111,245,Y,Clear
RW00997,CT0084,2025-01,14462,14292,651,Y,Clear
RW00998,CT0084,2025-02,14778,14241,749,Y,Clear
RW00999,CT0084,2025-03,13268,13157,489,Y,Clear
RW01000,CT0084,2025-04,14477,14255,563,Y,Clear
RW01001,CT0084,2025-05,14139,13791,651,Y,Clear
RW01002,CT0084,2025-06,13030,12581,642,N,Flagged
RW01003,CT0084,2025-07,13476,12865,879,Y,Clear
RW01004,CT0084,2025-08,14156,14062,345,Y,Clear
RW01005,CT0084,2025-09,14513,13736,1110,Y,Clear
RW01006,CT0084,2025-10,12493,12061,899,Y,Clear
RW01007,CT0084,2025-11,12413,12198,271,Y,Clear
RW01008,CT0084,2025-12,15150,14867,482,Y,Clear
RW01009,CT0085,2025-01,9635,9420,364,Y,Clear
RW01010,CT0085,2025-02,11222,10715,510,Y,Clear
RW01011,CT0085,2025-03,8955,8239,995,Y,Clear
RW01012,CT0085,2025-04,9701,9669,232,Y,Clear
RW01013,CT0085,2025-05,9242,8602,675,Y,Clear
RW01014,CT0085,2025-06,10582,9821,833,Y,Clear
RW01015,CT0085,2025-07,10521,10263,339,N,Flagged
RW01016,CT0085,2025-08,11210,10581,685,Y,Clear
RW01017,CT0085,2025-09,9595,8914,1164,Y,Clear
RW01018,CT0085,2025-10,8719,8101,932,Y,Clear
RW01019,CT0085,2025-11,9385,9378,10,Y,Clear
RW01020,CT0085,2025-12,10221,9789,479,Y,Clear
RW01021,CT0086,2025-01,12636,12515,376,Y,Clear
RW01022,CT0086,2025-02,13138,13070,369,Y,Clear
RW01023,CT0086,2025-03,12323,12304,339,Y,Clear
RW01024,CT0086,2025-04,12609,11955,868,Y,Clear
RW01025,CT0086,2025-05,13304,13241,130,Y,Clear
RW01026,CT0086,2025-06,12288,11517,1149,Y,Clear
RW01027,CT0086,2025-07,12948,12436,577,Y,Clear
RW01028,CT0086,2025-08,12633,12275,439,Y,Clear
RW01029,CT0086,2025-09,13192,12798,495,Y,Clear
RW01030,CT0086,2025-10,13972,13571,875,Y,Clear
RW01031,CT0086,2025-11,12990,12301,873,Y,Clear
RW01032,CT0086,2025-12,11373,10826,567,Y,Clear
RW01033,CT0087,2025-01,12526,11871,663,Y,Clear
RW01034,CT0087,2025-02,11769,11474,535,N,Flagged
RW01035,CT0087,2025-03,13309,13029,712,Y,Clear
RW01036,CT0087,2025-04,13120,12998,221,Y,Clear
RW01037,CT0087,2025-05,11368,11045,724,Y,Clear
RW01038,CT0087,2025-06,11646,11041,754,Y,Clear
RW01039,CT0087,2025-07,11045,10784,706,Y,Clear
RW01040,CT0087,2025-08,11165,10949,618,Y,Clear
RW01041,CT0087,2025-09,13058,12786,446,Y,Clear
RW01042,CT0087,2025-10,10870,10252,932,Y,Flagged
RW01043,CT0087,2025-11,11704,11543,535,Y,Clear
RW01044,CT0087,2025-12,11023,10591,916,Y,Clear
RW01045,CT0088,2025-01,17599,17292,536,Y,Clear
RW01046,CT0088,2025-02,18354,18292,260,Y,Clear
RW01047,CT0088,2025-03,18680,18236,637,N,Flagged
RW01048,CT0088,2025-04,18294,18165,390,Y,Clear
RW01049,CT0088,2025-05,19439,19321,394,Y,Clear
RW01050,CT0088,2025-06,17119,16382,1081,Y,Flagged
RW01051,CT0088,2025-07,16971,16838,436,Y,Clear
RW01052,CT0088,2025-08,19439,19415,216,Y,Clear
RW01053,CT0088,2025-09,18587,18031,1029,Y,Clear
RW01054,CT0088,2025-10,17471,16725,957,Y,Clear
RW01055,CT0088,2025-11,19394,18886,750,Y,Clear
RW01056,CT0088,2025-12,19175,19020,374,Y,Clear
RW01057,CT0089,2025-01,13006,12607,865,Y,Clear
RW01058,CT0089,2025-02,13543,13187,679,Y,Clear
RW01059,CT0089,2025-03,11383,10667,984,Y,Clear
RW01060,CT0089,2025-04,13181,12564,806,N,Flagged
RW01061,CT0089,2025-05,12188,11404,1150,N,Flagged
RW01062,CT0089,2025-06,13350,12634,1080,Y,Clear
RW01063,CT0089,2025-07,11392,10616,826,Y,Clear
RW01064,CT0089,2025-08,12184,11664,637,Y,Clear
RW01065,CT0089,2025-09,12188,11500,876,Y,Clear
RW01066,CT0089,2025-10,12667,12484,578,Y,Clear
RW01067,CT0089,2025-11,11035,10462,1026,Y,Clear
RW01068,CT0089,2025-12,13003,12556,757,N,Flagged
RW01069,CT0090,2025-01,16007,15762,594,N,Flagged
RW01070,CT0090,2025-02,15476,14965,804,Y,Clear
RW01071,CT0090,2025-03,17227,16525,872,Y,Clear
RW01072,CT0090,2025-04,17691,17429,263,Y,Clear
RW01073,CT0090,2025-05,14987,14910,254,Y,Clear
RW01074,CT0090,2025-06,15586,15385,454,Y,Clear
RW01075,CT0090,2025-07,17791,17771,404,Y,Clear
RW01076,CT0090,2025-08,14850,14828,488,N,Flagged
RW01077,CT0090,2025-09,15293,15052,280,Y,Clear
RW01078,CT0090,2025-10,17245,16659,772,Y,Clear
RW01079,CT0090,2025-11,16474,15940,990,Y,Clear
RW01080,CT0090,2025-12,16911,16503,581,Y,Clear
RW01081,CT0091,2025-01,4021,3780,535,Y,Clear
RW01082,CT0091,2025-02,6488,6070,557,Y,Clear
RW01083,CT0091,2025-03,4087,3444,931,Y,Clear
RW01084,CT0091,2025-04,5345,4946,675,Y,Clear
RW01085,CT0091,2025-05,3835,3668,300,Y,Clear
RW01086,CT0091,2025-06,4272,3676,675,Y,Clear
RW01087,CT0091,2025-07,5866,5302,969,Y,Clear
RW01088,CT0091,2025-08,3912,3862,364,Y,Clear
RW01089,CT0091,2025-09,6635,6202,874,Y,Clear
RW01090,CT0091,2025-10,4421,3970,848,Y,Clear
RW01091,CT0091,2025-11,6296,5611,1060,Y,Clear
RW01092,CT0091,2025-12,5482,5409,291,Y,Clear
RW01093,CT0092,2025-01,16790,16735,335,Y,Clear
RW01094,CT0092,2025-02,14642,13894,1157,N,Flagged
RW01095,CT0092,2025-03,16263,16114,505,Y,Clear
RW01096,CT0092,2025-04,16240,15906,591,Y,Clear
RW01097,CT0092,2025-05,15881,15194,781,Y,Clear
RW01098,CT0092,2025-06,15020,14567,768,Y,Flagged
RW01099,CT0092,2025-07,15978,15512,794,Y,Clear
RW01100,CT0092,2025-08,16822,16716,146,Y,Clear
RW01101,CT0092,2025-09,15164,14721,892,Y,Clear
RW01102,CT0092,2025-10,16469,15941,592,Y,Clear
RW01103,CT0092,2025-11,15246,14826,827,Y,Clear
RW01104,CT0092,2025-12,16303,16056,730,Y,Clear
RW01105,CT0093,2025-01,18837,18608,702,Y,Clear
RW01106,CT0093,2025-02,20288,19934,737,Y,Clear
RW01107,CT0093,2025-03,18638,18168,715,Y,Clear
RW01108,CT0093,2025-04,17802,17524,737,Y,Clear
RW01109,CT0093,2025-05,18134,17414,1203,Y,Clear
RW01110,CT0093,2025-06,18397,18342,366,Y,Clear
RW01111,CT0093,2025-07,18173,17723,504,N,Flagged
RW01112,CT0093,2025-08,20072,19928,364,Y,Clear
RW01113,CT0093,2025-09,19109,18694,614,Y,Clear
RW01114,CT0093,2025-10,18821,18501,794,Y,Clear
RW01115,CT0093,2025-11,19065,18346,897,Y,Clear
RW01116,CT0093,2025-12,17460,16887,634,Y,Clear
RW01117,CT0094,2025-01,13117,13021,420,Y,Clear
RW01118,CT0094,2025-02,13677,13234,699,Y,Flagged
RW01119,CT0094,2025-03,13678,13458,656,Y,Clear
RW01120,CT0094,2025-04,12426,11843,673,N,Flagged
RW01121,CT0094,2025-05,13323,12722,707,Y,Clear
RW01122,CT0094,2025-06,13828,13549,518,N,Flagged
RW01123,CT0094,2025-07,13404,13153,558,Y,Clear
RW01124,CT0094,2025-08,13928,13483,936,Y,Clear
RW01125,CT0094,2025-09,11972,11312,1004,Y,Clear
RW01126,CT0094,2025-10,11585,11451,453,Y,Clear
RW01127,CT0094,2025-11,13860,13819,233,Y,Clear
RW01128,CT0094,2025-12,13771,13606,410,Y,Clear
RW01129,CT0095,2025-01,18532,18236,324,Y,Clear
RW01130,CT0095,2025-02,20539,20445,268,Y,Clear
RW01131,CT0095,2025-03,20067,19342,1158,Y,Flagged
RW01132,CT0095,2025-04,18885,18573,623,Y,Clear
RW01133,CT0095,2025-05,20328,19924,847,N,Flagged
RW01134,CT0095,2025-06,19492,19301,468,Y,Clear
RW01135,CT0095,2025-07,20799,20253,687,Y,Clear
RW01136,CT0095,2025-08,18734,18384,611,Y,Clear
RW01137,CT0095,2025-09,20882,20118,1248,Y,Clear
RW01138,CT0095,2025-10,19035,18609,537,Y,Clear
RW01139,CT0095,2025-11,18279,18101,183,Y,Clear
RW01140,CT0095,2025-12,20635,20582,455,Y,Clear
RW01141,CT0096,2025-01,1879,1358,788,Y,Clear
RW01142,CT0096,2025-02,3508,2892,723,Y,Clear
RW01143,CT0096,2025-03,1657,1610,126,Y,Clear
RW01144,CT0096,2025-04,2501,2245,307,Y,Clear
RW01145,CT0096,2025-05,2026,1345,836,Y,Clear
RW01146,CT0096,2025-06,855,620,679,Y,Flagged
RW01147,CT0096,2025-07,2283,1787,894,Y,Clear
RW01148,CT0096,2025-08,1841,1803,103,Y,Flagged
RW01149,CT0096,2025-09,1800,1255,576,Y,Clear
RW01150,CT0096,2025-10,2356,1865,749,Y,Clear
RW01151,CT0096,2025-11,2244,1545,1009,N,Flagged
RW01152,CT0096,2025-12,2406,2200,568,N,Flagged
RW01153,CT0097,2025-01,5151,4954,513,Y,Clear
RW01154,CT0097,2025-02,4542,3747,1020,Y,Clear
RW01155,CT0097,2025-03,4341,4107,585,Y,Clear
RW01156,CT0097,2025-04,6110,6109,349,Y,Flagged
RW01157,CT0097,2025-05,4180,4089,425,Y,Clear
RW01158,CT0097,2025-06,6542,6016,957,Y,Clear
RW01159,CT0097,2025-07,5650,5092,757,Y,Clear
RW01160,CT0097,2025-08,3605,2983,1104,Y,Clear
RW01161,CT0097,2025-09,5954,5541,605,Y,Clear
RW01162,CT0097,2025-10,6177,5916,708,Y,Clear
RW01163,CT0097,2025-11,5969,5681,288,Y,Clear
RW01164,CT0097,2025-12,4739,3988,837,Y,Clear
RW01165,CT0098,2025-01,10824,10158,993,Y,Clear
RW01166,CT0098,2025-02,11406,11126,331,Y,Clear
RW01167,CT0098,2025-03,11041,10934,588,N,Flagged
RW01168,CT0098,2025-04,9617,9200,488,Y,Clear
RW01169,CT0098,2025-05,9266,8834,692,Y,Clear
RW01170,CT0098,2025-06,10812,10253,597,N,Flagged
RW01171,CT0098,2025-07,8716,8642,289,Y,Clear
RW01172,CT0098,2025-08,10115,9543,755,Y,Clear
RW01173,CT0098,2025-09,10558,10061,841,Y,Clear
RW01174,CT0098,2025-10,11444,11385,107,Y,Clear
RW01175,CT0098,2025-11,10674,9900,1071,Y,Clear
RW01176,CT0098,2025-12,8933,8690,698,N,Flagged
RW01177,CT0099,2025-01,8170,7492,801,Y,Clear
RW01178,CT0099,2025-02,9835,9715,435,Y,Clear
RW01179,CT0099,2025-03,8029,7309,721,Y,Clear
RW01180,CT0099,2025-04,10319,9531,852,Y,Clear
RW01181,CT0099,2025-05,10057,9421,1112,Y,Clear
RW01182,CT0099,2025-06,9809,9338,563,Y,Clear
RW01183,CT0099,2025-07,8778,8372,600,Y,Clear
RW01184,CT0099,2025-08,10381,9766,976,Y,Clear
RW01185,CT0099,2025-09,10136,9832,388,Y,Clear
RW01186,CT0099,2025-10,8931,8727,235,N,Flagged
RW01187,CT0099,2025-11,8949,8263,903,Y,Clear
RW01188,CT0099,2025-12,8990,8684,430,Y,Clear
RW01189,CT0100,2025-01,21238,20730,735,Y,Clear
RW01190,CT0100,2025-02,19900,19726,407,Y,Clear
RW01191,CT0100,2025-03,20544,20136,810,Y,Clear
RW01192,CT0100,2025-04,21418,20689,831,Y,Clear
RW01193,CT0100,2025-05,18855,18148,1101,N,Flagged
RW01194,CT0100,2025-06,20842,20467,490,Y,Clear
RW01195,CT0100,2025-07,19701,18905,950,Y,Clear
RW01196,CT0100,2025-08,19604,19082,781,Y,Clear
RW01197,CT0100,2025-09,19189,18458,871,Y,Clear
RW01198,CT0100,2025-10,19170,18519,1091,Y,Clear
RW01199,CT0100,2025-11,19314,18519,1238,N,Flagged
RW01200,CT0100,2025-12,18987,18330,1009,N,Flagged
RW01201,CT0101,2025-01,18537,18228,391,N,Flagged
RW01202,CT0101,2025-02,18608,17882,960,Y,Clear
RW01203,CT0101,2025-03,18165,17804,382,Y,Clear
RW01204,CT0101,2025-04,19472,19163,775,Y,Clear
RW01205,CT0101,2025-05,20296,19516,799,N,Flagged
RW01206,CT0101,2025-06,19878,19641,344,Y,Clear
RW01207,CT0101,2025-07,19613,19337,748,Y,Clear
RW01208,CT0101,2025-08,18632,17889,1077,Y,Clear
RW01209,CT0101,2025-09,17938,17168,1099,Y,Clear
RW01210,CT0101,2025-10,20062,19450,794,Y,Clear
RW01211,CT0101,2025-11,19550,18865,692,N,Flagged
RW01212,CT0101,2025-12,20643,20588,61,Y,Clear
RW01213,CT0102,2025-01,3387,3364,195,Y,Clear
RW01214,CT0102,2025-02,2820,2731,420,Y,Clear
RW01215,CT0102,2025-03,4150,3450,808,Y,Clear
RW01216,CT0102,2025-04,4180,3610,580,Y,Flagged
RW01217,CT0102,2025-05,2195,1648,656,Y,Clear
RW01218,CT0102,2025-06,4245,4208,261,N,Flagged
RW01219,CT0102,2025-07,2255,1931,584,N,Flagged
RW01220,CT0102,2025-08,3160,2502,880,Y,Clear
RW01221,CT0102,2025-09,3029,2339,1021,Y,Clear
RW01222,CT0102,2025-10,1739,1062,938,Y,Clear
RW01223,CT0102,2025-11,3687,3127,581,Y,Clear
RW01224,CT0102,2025-12,2882,2363,1013,Y,Clear
RW01225,CT0103,2025-01,14609,14346,688,Y,Clear
RW01226,CT0103,2025-02,15129,14837,737,Y,Clear
RW01227,CT0103,2025-03,15337,14837,589,Y,Flagged
RW01228,CT0103,2025-04,13303,13203,524,Y,Clear
RW01229,CT0103,2025-05,15373,14985,716,Y,Clear
RW01230,CT0103,2025-06,14596,14500,494,Y,Clear
RW01231,CT0103,2025-07,14714,14283,817,Y,Clear
RW01232,CT0103,2025-08,13030,12338,934,Y,Clear
RW01233,CT0103,2025-09,15597,15253,396,Y,Clear
RW01234,CT0103,2025-10,14301,13778,596,Y,Clear
RW01235,CT0103,2025-11,15425,14958,529,Y,Clear
RW01236,CT0103,2025-12,15287,14855,447,Y,Clear
RW01237,CT0104,2025-01,17214,16907,639,Y,Clear
RW01238,CT0104,2025-02,16566,16094,942,Y,Clear
RW01239,CT0104,2025-03,15571,15411,230,Y,Clear
RW01240,CT0104,2025-04,16070,15948,326,Y,Clear
RW01241,CT0104,2025-05,15207,14483,908,Y,Clear
RW01242,CT0104,2025-06,14510,14341,620,Y,Clear
RW01243,CT0104,2025-07,15308,14793,932,Y,Clear
RW01244,CT0104,2025-08,16846,16708,436,Y,Clear
RW01245,CT0104,2025-09,16954,16338,933,Y,Clear
RW01246,CT0104,2025-10,17237,16533,803,Y,Clear
RW01247,CT0104,2025-11,16999,16800,697,Y,Clear
RW01248,CT0104,2025-12,15227,15058,450,Y,Clear
RW01249,CT0105,2025-01,14015,13727,396,Y,Clear
RW01250,CT0105,2025-02,12998,12729,595,Y,Clear
RW01251,CT0105,2025-03,15877,15655,582,Y,Clear
RW01252,CT0105,2025-04,13242,12750,595,Y,Clear
RW01253,CT0105,2025-05,13452,13205,352,Y,Clear
RW01254,CT0105,2025-06,14615,14016,820,Y,Clear
RW01255,CT0105,2025-07,15549,15478,546,Y,Clear
RW01256,CT0105,2025-08,15335,15270,117,Y,Clear
RW01257,CT0105,2025-09,15791,15122,868,Y,Clear
RW01258,CT0105,2025-10,14774,14288,952,Y,Flagged
RW01259,CT0105,2025-11,13562,13098,670,Y,Clear
RW01260,CT0105,2025-12,15927,15552,597,Y,Clear
RW01261,CT0106,2025-01,19926,19664,626,Y,Clear
RW01262,CT0106,2025-02,19191,19029,310,Y,Clear
RW01263,CT0106,2025-03,20773,20187,660,Y,Clear
RW01264,CT0106,2025-04,18745,18594,581,Y,Clear
RW01265,CT0106,2025-05,21361,20596,1212,Y,Flagged
RW01266,CT0106,2025-06,21077,20623,602,Y,Clear
RW01267,CT0106,2025-07,21300,21153,274,Y,Flagged
RW01268,CT0106,2025-08,18501,18141,467,N,Flagged
RW01269,CT0106,2025-09,21139,20803,544,Y,Clear
RW01270,CT0106,2025-10,19960,19911,464,Y,Clear
RW01271,CT0106,2025-11,18961,18425,960,Y,Clear
RW01272,CT0106,2025-12,21093,20832,650,Y,Clear
